euclid_designation,right_ascension,declination,oid,flux_I,flux_Z,flux_Y,flux_J,flux_H,mag_H
J083925.80+634501.2,129.85753635801356,63.750342690385814,1298575363637503426,0.02093486586949627,0.1942500472577148,0.2709317734383261,1.2933552410731053,4.22805640969133,22.334648067688818
J084531.64+650946.2,131.38186242088057,65.16285320408778,1313818624651628532,0.008903131430133868,0.15005895952913645,0.3097104043136994,1.431089486542815,3.3770066755810317,22.578670202153592
J085747.62+672133.9,134.44843800999948,67.35943857885619,1344484380673594385,0.004887880418903055,0.05078680419434825,0.38244272154054626,0.8869489405031705,1.3487992248608445,23.57513173075806
J085756.59+645356.8,134.4858094727124,64.89911010006279,1344858094648991101,0.01998482920028662,0.05977833082215722,0.21142755587456594,0.8317552083543881,1.8336786190669987,23.241691947287045
J085833.30+670747.2,134.63877685692637,67.1297772139134,1346387768671297772,0.017557559856263796,-0.015461351831218224,0.5197491079823124,1.2340008635889599,2.253314749906424,23.017945351138525
J090047.37+652814.0,135.19738244689165,65.47057149927562,1351973824654705714,0.03527004535577791,0.0923219715919368,0.35863762534171284,0.8003881498964867,1.554925241035869,23.420726216248934
J090126.40+684824.8,135.36001874219767,68.80691327311277,1353600187688069132,0.0205471892451268,-0.128359609444975,0.22174958420396118,0.9284981698565153,2.015337963800658,23.13913028508984
J090134.33+644030.2,135.39308098991347,64.67507592936245,1353930809646750759,0.003694884033541162,0.3520941000069969,0.240990500669841,0.6636822687734032,1.3417435093220247,23.58082624233344
J090339.18+681906.2,135.91327892857544,68.31839957207362,1359132789683183995,0.013483097611927786,0.5147204285528155,0.5481349151063754,1.4325428506459876,2.753636422673422,22.800233506285593
J090551.92+643129.7,136.46636748449637,64.52492622715377,1364663674645249262,0.03964528769080727,0.2814943950036806,0.5182565142498148,0.6209728619474386,1.2382208608578087,23.668004708772735
J090804.75+694820.7,137.0198067204877,69.80575598325892,1370198067698057559,0.014873287615855147,0.13112599638841022,0.09893555792206105,0.5571013247826063,1.4783305796554165,23.475571098772527
J090814.96+644717.3,137.06235133382995,64.78813898113361,1370623513647881389,0.01634362017617559,0.41362724642623205,0.18956649479490775,0.7047336031284995,0.9013000368262831,24.012826527971626
J090836.46+695202.9,137.1519172189161,69.86749506755997,1371519172698674950,0.00176373019985588,0.19224842807991152,0.125580954865124,1630.8756217897956,6.944231732960427,21.795939487340014
J090906.24+652756.0,137.27601729636623,65.4655542665039,1372760172654655542,0.011477252981021466,0.1194667330328542,0.1883510085431072,0.7295870057972779,1.3574460507499826,23.568193554121578
J091108.16+690632.8,137.78402448024465,69.10911662128507,1377840244691091166,0.021017696497223078,-0.4942493514043008,,0.5719835386955915,0.9616431611686757,23.94246513145669
J091216.58+682806.4,138.06910986943083,68.46844726699221,1380691098684684472,0.03379246759321934,0.0810417375754616,0.5157886377508514,0.6406198570101859,1.1377822610425818,23.75985210380543
J091549.79+682834.9,138.9574727657835,68.47637955596244,1389574727684763795,0.0032087542730036165,-0.2629706465262059,0.049867461338236836,0.5147623850758024,1.2169669262588032,23.686803061282845
J091626.81+674110.7,139.1117453281459,67.68630861964739,1391117453676863086,0.03224767506131042,0.3867653928907262,0.6308421989650259,1.5414180161345297,2.7067451341950357,22.818881588153772
J091743.47+633202.8,139.4311231060027,63.53412214661972,1394311231635341221,0.009979346188657343,0.27006062812458226,,1.1356866546623303,4.211320087705454,22.338954370302844
J091832.48+643432.6,139.63536012571265,64.57572765723532,1396353601645757276,0.025545768001142808,0.2757098725980751,,3.087608852678242,6.9636690886410655,21.792904686502975
J091904.03+644640.6,139.76680767774891,64.77794788671031,1397668076647779478,0.025712431823249216,0.2393850378766551,0.5932220472245802,1.4842049453611634,3.008380219748169,22.70416818873229
J092220.42+651848.6,140.5851073130691,65.31350380340136,1405851073653135038,0.037771455599800385,0.17980846340392218,0.5616490954053949,1.619884532225092,3.0695449253865768,22.682315014925116
J092302.87+652123.6,140.76196867869947,65.35656712997381,1407619686653565671,0.03339140299258096,0.0631968991675991,0.16946691934933686,0.9118139083569388,1.5794295646987588,23.403749342163348
J092308.27+653420.3,140.78449261430316,65.57231606433697,1407844926655723160,0.008637157424905867,0.17873080623306942,0.23126613060744114,0.6012506373493495,1.0421113276751754,23.85521470831968
J092310.45+661115.8,140.7935789910969,66.18774715036831,1407935789661877471,0.02392646807769298,0.09524714399772508,0.32074772379381067,0.9668822580336534,3.1892578235467632,22.640775926087024
J092359.17+722334.0,140.996559976694,72.39278619460649,1409965599723927861,0.03222401284540849,0.2682363674780245,0.2580885129638889,1.1774919411567177,1.836270236019883,23.24015851293499
J092517.59+650232.0,141.32329833579786,65.04222141440269,1413232983650422214,0.008248066990235312,0.24625199899398104,0.2448042711284823,0.9006234243765836,1.6556496958723037,23.352578865802617
J092545.18+702453.0,141.43826796879677,70.41474672305289,1414382679704147467,0.03273212661360618,0.24472206687266823,1.4214867934075315,3.528303332630246,6.18240928718071,21.922105618013457
J092550.69+691906.2,141.4612306268242,69.31840597217513,1414612306693184059,0.015871129957879503,-0.26046792129296353,0.5222880252313682,1.0561496678496585,2.2014317829982772,23.04323691930677
J092641.83+662447.8,141.6743167958108,66.41329694063252,1416743167664132969,-0.0001880989348710479,0.607382430736562,0.3091201385064222,0.6757505234587662,1.4663351340476984,23.484416898531528
J092912.50+731742.0,142.30210754291824,73.29500107045993,1423021075732950010,0.01922537046122528,0.08937223172015255,0.29246446926477415,0.8595124615798883,1.6117278969599287,23.381770692344112
J093029.75+703645.0,142.62399029176112,70.61250093653157,1426239902706125009,0.034773165156839966,0.14396603582740722,1.6702711041598817,2.649382516894665,3.842369595412589,22.43850215729582
J093151.87+640628.9,142.9661616057991,64.10804959678643,1429661616641080495,0.034081728578458266,0.044745667082860784,0.15469189851998486,0.864517979480987,1.632957262525224,23.367562953486477
J093205.48+625104.0,143.022840827459,62.85112003804721,1430228408628511200,0.026115490149768744,0.15052596281808467,,0.6243588075124084,1.1391155315371118,23.758580566526227
J093458.88+690322.3,143.74533569506374,69.05621045926402,1437453356690562104,0.01920954175415691,0.07141675504926118,-1.9484930444075392,0.6219137732455757,1.4589438153051397,23.489903581734467
J093534.91+624456.2,143.89545957901635,62.74895590316052,1438954595627489559,0.0296020330729522,0.252730063213113,,0.8078302201610985,1.2332564792785017,23.672366485412553
J093942.89+733847.7,144.92874175127312,73.6466045106646,1449287417736466045,0.02298035471392262,0.21152870043421632,0.24462615440056745,0.5844178098714471,1.2549115587819222,23.65346720116737
J094101.49+641019.3,145.2562267443114,64.17203413123306,1452562267641720341,0.029214245751373404,0.05664152237890346,0.49334161226699275,1.26014014892266,1.9506393463503156,23.174557549692448
J094102.11+660103.3,145.25881537312182,66.01760742934769,1452588153660176074,0.024950025480952154,0.19875484641903124,0.48045290215620967,1.2847000900324275,2.572837233558258,22.873969219669856
J094137.87+735934.9,145.40782048417643,73.99304925165433,1454078204739930492,0.016415799743557346,0.08180463917135182,,0.784335751173236,1.3231732501506839,23.595958218975074
J094153.10+673213.4,145.4712509820157,67.53706426877218,1454712509675370642,0.016906565376780282,-0.008548769129525886,0.350988416166911,0.8963591819557449,1.2589969826153562,23.64993827686511
J094338.83+685807.6,145.9118065632309,68.96878420093866,1459118065689687842,0.0011367940607035637,0.22002662330510647,0.34398102935737257,0.7474662879800472,1.2717508505708097,23.638994908080548
J094458.40+682831.9,146.24333513296907,68.47554953418116,1462433351684755495,0.01850723402519297,0.24529371924909918,0.35628099495690846,0.6508222240310807,1.0645754405556802,23.832058892736207
J094835.75+664750.3,147.14899095885002,66.79731991389188,1471489909667973199,0.01074608373277279,-0.09555159631717909,,1.3233075287256248,2.3509469009826094,22.97189294959372
J094845.66+685247.6,147.190253986421,68.87989982838043,1471902539688798998,0.026108692582275383,0.18158926672921893,0.6504252987731616,1.7252618485514928,3.1831707809886414,22.642850150815296
J094917.40+650201.8,147.32252674131686,65.03385142532395,1473225267650338514,0.028281922775183214,0.16202656760050024,0.6818688347460704,1.6069080466511045,3.164373563555134,22.64928063103482
J095137.14+694008.0,147.90475583161526,69.66889596295347,1479047558696688959,0.008512441804778573,0.13631841496652036,0.24114962757829742,0.5227076015087015,1.66364215537197,23.347350208725388
J095212.07+744213.1,148.0502994338685,74.70366343327075,1480502994747036634,2.408467817182116e-12,-0.008095596874369747,0.09090688166228642,0.5385269732901106,1.716847022356735,23.313171001040843
J095322.82+663825.3,148.34511493095565,66.64038694536534,1483451149666403869,-0.00015181713373704336,-0.0006470005457031929,0.09023543386313074,0.6459326658844343,1.38112626598003,23.54941653832595
J095402.30+732611.9,148.5095971392542,73.43666097290654,1485095971734366609,0.024358077600144995,0.04038910426167536,0.4648512527203155,0.6868028068451804,1.1498495493030327,23.748397451685463
J095607.48+725627.3,149.03117312363037,72.94092318143765,1490311731729409231,0.01936160990513168,0.4445482312125882,0.3562337994347265,0.843203278071939,2.73149752311418,22.808997972404278
J095624.40+715335.6,149.10167333809832,71.89324312069999,1491016733718932431,0.02373986805833802,0.13090876825184544,0.2612176697664785,0.6827830048801738,1.0936698483957246,23.802784402181118
J095700.40+660639.2,149.2517012731392,66.1109089770193,1492517012661109089,0.024149092317336075,0.168915633412683,0.3064249108543271,0.6542936567831855,1.3371427124427309,23.584555595684307
J095737.03+645730.7,149.40432358226747,64.95854159871155,1494043235649585415,0.02521377785574053,0.3044423696939872,0.24939352534573261,1.0277556606846048,1.6219262743513103,23.37492222699234
J095740.48+724115.4,149.41867053010986,72.6876179076848,1494186705726876179,0.03231554799866615,0.5891267714149411,0.5683543354523359,0.841560182736471,1.3591221863833116,23.56685374505862
J095827.55+683917.9,149.61482470402794,68.65498539978888,1496148247686549853,0.026986447263499667,0.23450136131745183,0.2633337668672767,0.8342184033304723,1.774694186598201,23.277191183304385
J095947.82+663253.1,149.94925020086458,66.54810444347054,1499492502665481044,0.019054394258208394,-0.028663843484578903,0.3506307021421804,1.6394863157984028,4.064096932754012,22.377589855613152
J095958.38+641325.5,149.99327718195394,64.22377519019359,1499932771642237751,0.022616692001038725,0.30810077260417007,0.28500829759376795,1.37473345024126,3.236170814678029,22.624921407765108
J100048.54+762644.3,150.20227656195416,76.44565887914251,1502022765764456588,0.01726701066588586,-0.26382233964495955,0.6274278796884621,0.9448299366068518,1.8690995863566329,23.22091889656234
J100132.66+702902.0,150.38611212561617,70.48390892242547,1503861121704839089,0.017036039240197302,0.22430599427214126,0.5080903044578167,1.1750619314885111,1.8059425982031316,23.25824014457983
J100246.22+704809.8,150.6926080209557,70.80273179286466,1506926080708027317,0.02207672469092199,0.16720215472681663,0.3769900262869147,1.0055888014442993,2.0709286679187495,23.109587149751874
J100407.71+732926.9,151.0321446795149,73.49082681624502,1510321446734908268,0.024239724631578967,0.03134446881468103,0.33158470522110417,1.4717914723942012,3.0175532975959802,22.700862626069558
J100433.54+660903.6,151.13976512267044,66.1510154918085,1511397651661510154,0.020698212491822778,0.20678142416001682,0.5582432475256613,1.7809992517622406,3.3220782767510917,22.596475346658767
J100632.44+720226.3,151.63519359637115,72.04065620961278,1516351935720406562,0.022480187101813764,0.2575261910276454,0.2889481536757588,1.305013405312706,0.9869613195054291,23.914249669122583
J100841.24+722027.9,152.17187079640595,72.34110819392049,1521718707723411081,0.02527326535806193,-0.04603593953838695,0.5009655703421112,1.183373427813223,2.1842165876642317,23.051760747606412
J100902.19+680224.9,152.25912744913722,68.04027588549285,1522591274680402758,-0.002026287452646682,0.22554983914938895,0.21925200099155856,0.6581403459392495,1.6746514573006246,23.340188920705415
J101611.78+720859.2,154.04912194333167,72.14978607535679,1540491219721497860,0.015527851696682271,-0.17240060572920496,0.22411182833904608,0.7555650165468344,1.1110915766492817,23.78562536211131
J101734.15+744400.9,154.39231347310394,74.73358355548682,1543923134747335835,0.025288641588894652,0.33148231840600045,0.3540128264670701,0.8795072168176975,1.1299043358435654,23.76739581203035
J101744.53+700846.3,154.4355565718909,70.14620271396686,1544355565701462027,0.04241013004732823,1.0747942985717145,0.7438774553194095,2.8356008772818755,5.551389352543568,22.0389957797467
J101844.48+692252.1,154.68535830104088,69.38115999342946,1546853583693811599,0.015307005088170011,0.10420517381238105,0.24770758602656762,0.5311939408358904,0.9641699416732805,23.939616029801346
J101934.75+683055.8,154.8947977413896,68.51552215000358,1548947977685155221,0.02198713636243706,0.14692975948858916,0.2577668104290395,0.6440692432748412,0.9918636261609275,23.908870089970378
J102219.47+724534.2,155.58112775462607,72.75951360100059,1555811277727595136,0.00014842992269090732,-0.1463248823629867,0.9527110264036039,3.1611236707554715,1.539704446352079,23.431406590176714
J102220.14+730957.2,155.5839370077042,73.16589019801685,1555839370731658901,0.013391055139290928,-0.011911768209953776,0.2850292602059247,0.7476937064901013,1.2113670036271866,23.69181065059999
J102601.25+714345.7,156.50523475179813,71.72936468030582,1565052347717293646,0.017407603529421986,0.2103538001551697,0.5049312285105997,0.7375777698902148,1.4623375318022611,23.487380933561003
J102627.17+705827.8,156.61322668744072,70.97439911936148,1566132266709743991,0.02375444237363497,0.17851849197514238,0.5062145135401674,1.0606842890763786,1.7159059439498698,23.3137663033731
J102641.50+684410.0,156.67293978631346,68.73611018650097,1566729397687361101,0.026316334866792798,0.05312702616043566,0.14995445058781104,0.7311673199680119,1.2610419198403218,23.64817619067924
J102741.02+692551.8,156.920935844455,69.43107203047066,1569209358694310720,0.022727031658908773,0.01719028112824001,0.39251401872514435,0.7831371614009257,1.7901610374036774,23.2677697486536
J103333.48+705556.4,158.38950200456472,70.93233683155297,1583895020709323368,0.007247195397127962,0.505463622843314,0.5719303499014019,3.038428191091443,5.552852223436354,22.038709710339887
J103812.99+703852.2,159.55415043616526,70.64783495188297,1595541504706478349,0.03174057380306958,0.30162795292473155,0.48794110363864357,1.0939608334024733,1.911157719769329,23.196758677444812
J103856.48+741810.4,159.73536496145456,74.30290972040983,1597353649743029097,0.03915592978584521,0.17717647822342772,0.36070226284859586,0.7374849544085315,1.0944364157778061,23.802023662167898
J104149.12+712626.3,160.45468711041306,71.44064783087329,1604546871714406478,0.027805986855559024,-0.16675800921903663,0.2188292450097453,0.614420150839766,1.3881260130516635,23.543927767900165
J104151.71+732013.9,160.465486518699,73.33719913348145,1604654865733371991,0.03434671987500123,0.03196350803649316,-60.603554450101626,1.4289012842768252,3.074787401587595,22.680462267615123
J104302.49+700013.0,160.7603735312903,70.0036148604656,1607603735700036148,-0.003402140116829643,-0.028230712288840176,1.0481338236871347,1.1783399746658771,2.2506698068957327,23.019220537889336
J104455.76+763401.9,161.23234481514427,76.56721308511986,1612323448765672130,0.029562562629060207,0.015244545207389602,0.5416565144041342,1.2381157170757024,2.5567668390829335,22.880772187674374
J104708.71+720537.1,161.7863107790707,72.09364670281593,1617863107720936467,0.0012002131125503392,-0.3021101078210002,0.31604283983546944,0.6993482029591624,0.9793217582082653,23.922686490981768
J104815.01+705927.4,162.06254902722839,70.99096514101569,1620625490709909651,0.016608824952568296,-0.047492121334399715,0.3146425283327344,0.7567364397471142,1.414486871923202,23.52350269736047
J105046.44+703403.0,162.69351586834313,70.56752308800677,1626935158705675230,0.02307172629371698,0.13799249459213164,0.4061466822038632,0.7500860358031389,1.5322672304035228,23.436663715725892
J105101.73+742038.0,162.7572226570196,74.34390467187387,1627572226743439046,0.020971498740306523,0.23499301460871092,0.3484431626177785,1.2964544830711162,3.1291184572963475,22.66144498924512
J105124.48+715641.8,162.85202260203485,71.94496147282919,1628520226719449614,0.03159817354719509,-0.4809372952461904,0.47687213642662823,1.7188914108077822,3.4380652127402005,22.55921472483459
J105138.53+711047.6,162.91055719418398,71.1798915559835,1629105571711798915,0.027852379099699082,-0.31757459801062865,0.3773280082182178,1.219506572878428,2.4495421093454866,22.927287725792453
J105602.31+722815.4,164.00964368328397,72.47094738223868,1640096436724709473,0.02480503915732536,-0.25334306766093917,0.5856199047961619,1.5390828660777616,3.646546021635163,22.49529575251279
J105840.76+764600.6,164.66986817053393,76.76683338697838,1646698681767668333,0.015255636743974003,0.17923108413127456,0.19990912881187,0.5684468743760475,1.0736243831254857,23.82286908446015
J110722.57+730719.4,166.84406085550322,73.12207412416339,1668440608731220741,0.025155650488182742,-0.26420183966689403,0.24781751613906897,0.5177442586857333,0.6766450686382205,24.32409769738905
J110905.36+745115.9,167.27233382818233,74.85443859762502,1672723338748544385,0.011131839889495718,-0.8373094115139144,0.6389673454065055,1.0268236364046146,2.064432867055251,23.11299808827194
J111021.69+771827.4,167.5903780757386,77.3076143556537,1675903780773076143,0.03337667396995601,0.06108322422337397,1.295432053676207,2.4010370331309026,4.7815234082209415,22.201084284422787
J111102.29+724403.5,167.75957680397275,72.73432413510614,1677595768727343241,0.02451782171117752,-87.87493369394792,0.43878016606557535,0.90543343319686,1.5552523833833014,23.42049781109983
J111307.11+760955.5,168.27964073580515,76.1654391839649,1682796407761654391,0.0010819001962738828,0.23020691549295474,0.13046297674864,0.6442782145095041,1.2058408808525365,23.696774991532212
J111535.00+775224.5,168.89583353558126,77.87347241590797,1688958335778734724,0.018992040277563765,0.22429989392251337,0.22324962547834376,0.5609321603466145,1.138446595206409,23.75921834356447
J111611.03+742017.8,169.04598083974554,74.33829353515621,1690459808743382935,0.01969410908427006,0.20290453184594134,0.2352950543101936,0.7244390081345469,1.2243216355887372,23.68026118952059
J111626.83+732034.6,169.11182422457205,73.34294731277814,1691118242733429473,0.022433324297673772,-0.04831391871517586,0.3692636458306446,0.5699109594719686,1.1364127154577774,23.761159788872547
J112449.29+772253.7,171.20538085204507,77.38158240160632,1712053808773815824,0.009047182476666003,0.13674523252109053,0.1471167221668312,0.7613243003832515,1.3207335971427896,23.597961935824795
J114202.33+735533.0,175.50974381467594,73.92584008073129,1755097438739258400,0.025631712615382975,-0.3801315408307915,0.33672833063649416,1.1895679568600865,2.589582100680262,22.86692578865019
J114253.75+743127.7,175.72399439742944,74.52437345595763,1757239943745243734,0.024120078409085977,0.10795978430068948,0.35649834115754353,0.6602441697925462,1.0358229552026619,23.861786171682592
J115116.68+741910.3,177.8195332027592,74.3195501087511,1778195332743195501,0.010390232110809375,0.20629154296295973,0.11293318224462545,0.5551510611485224,1.2328197195490005,23.67275106870831
J115251.46+735430.0,178.214418836132,73.90835089153046,1782144188739083508,0.015475180077619034,0.05562406940992156,0.22435346949683724,0.5367472809977585,1.3986957074597226,23.535691894873494
J115406.53+694604.8,178.5272351212274,69.76802087480175,1785272351697680208,0.019997539052902358,0.07694480045446675,0.1438924718305758,0.5211048422959367,1.0607302311081108,23.8359876336445
J115406.84+701040.9,178.52851630283698,70.17804178009865,1785285163701780417,0.007933135711885884,-0.08687622875013426,9.527886860452153,0.6914751791155044,1.530987020575331,23.437571227885968
J115455.09+704001.3,178.72955337214708,70.66702919240967,1787295533706670291,0.020997495796887377,0.647300277272774,0.5095402428611738,0.8228168766251384,1.3695188443660802,23.55857996886112
J115530.60+695152.4,178.8775078754402,69.86457399199602,1788775078698645739,0.026082039678311183,0.3143857616373563,0.4387698087844539,2.1692180803767536,4.480415826529468,22.27170419336033
J115611.48+760732.4,179.04783336405282,76.12566687686409,1790478333761256668,0.0023414159954966087,0.09067077410245604,0.10637478905693198,0.502507977952396,1.035256577658599,23.86238000365353
J115716.98+680153.4,179.32075429933698,68.031499167073,1793207542680314991,0.01659318220868039,0.1739598082964598,0.19689712920568625,0.8487506068800734,1.1821928929216194,23.718279139650626
J115914.88+721926.1,179.81201530536714,72.3239414360641,1798120153723239414,0.014325733957881831,0.0845782819496758,0.27401332728378536,0.5847731509343871,1.0285092391599062,23.86947950664618
J120007.15+765208.4,180.02981927794562,76.86900973953493,1800298192768690097,0.01597549226511997,0.13423398939339087,0.3450770273928501,0.6259072640458162,0.9553872281391225,23.94955142193399
J120125.01+764526.0,180.35423460304557,76.75722285812175,1803542346767572228,0.01126790645543586,0.2722645357012965,0.7660724457095716,1.6347095526732307,3.3085856349756693,22.60089405045327
J120202.45+762319.9,180.51023851065514,76.38887975367068,1805102385763888797,0.01840149904925889,-0.03996269755106373,0.637270494037467,1.6813135690235983,3.443865401471731,22.557384576655423
J120250.61+690319.6,180.71089865264202,69.05546248053022,1807108986690554624,0.014833353893263545,0.11515355595572267,0.38001436786588727,0.7208643589262429,1.3779226402101752,23.551937910122014
J120332.40+725859.8,180.88502035857766,72.98327966378737,1808850203729832796,0.02700453300912472,-0.043550932661235366,0.22062267923889972,0.9772037657542911,2.307199224897692,22.992287257154075
J120338.47+680502.7,180.91029938602847,68.08408645412023,1809102993680840864,0.01252305362945362,-0.16360954303499578,0.05889867671160706,0.4732007648913852,0.7956040361748372,24.14825755581215
J120449.96+682421.2,181.2081917197674,68.40590293727536,1812081917684059029,0.02752210978758543,-0.05091240902555441,0.2598144224503813,0.6108683085269797,1.3011690167585475,23.614165716555302
J120558.73+752729.9,181.49473054412576,75.4583101019628,1814947305754583101,0.002140254309341396,-0.16626704254268976,0.2558448551409662,0.8700259467519466,1.5146951035770229,23.449186946221346
J120605.15+722640.7,181.52149183602347,72.44465973350579,1815214918724446597,0.017246782072771534,0.2616322444167835,0.42280655878351475,1.058580970779484,1.8923903325405922,23.20747319813313
J120636.66+750545.0,181.65278155251957,75.09584757075372,1816527815750958475,0.0204915857189642,0.1376918087397439,0.19151494578881134,0.49565262443471975,1.0067494240431238,23.892696525446013
J120643.34+714427.8,181.6806025710066,71.74108024923395,1816806025717410802,0.008657272410606577,0.20356059550072117,0.005785871766389089,0.5348550655525681,1.1262878711220285,23.77087648183508
J120909.45+755003.1,182.28940945466226,75.83419473523188,1822894094758341947,0.015558429421662006,0.28123134438191466,0.3449605540797179,0.7032089400946319,1.3092932239778874,23.607407699332434
J120921.49+764346.7,182.33955754919427,76.72965259052066,1823395575767296525,0.025286379693656075,-0.06072443773982403,0.2531445866091825,0.8464070457348528,1.136570027279888,23.7610095025217
J121038.46+725926.5,182.66026423921028,72.99070569472238,1826602642729907056,0.02427527909465893,0.29587132138214584,0.12916857993744546,0.8187748964360427,1.9847629201182548,23.155728405669795
J121247.23+715941.6,183.19682829743917,71.99490044428181,1831968282719949004,0.01366736302833368,0.2669107767070349,0.2921684773824362,0.7049597309174942,1.1996564139992183,23.702357799194225
J121650.34+675704.4,184.2097642375808,67.95122103544148,1842097642679512210,0.02813615425003273,0.15920714806600156,0.19559863398482324,0.5922746340729568,1.0331872098357815,23.86455244684911
J121702.44+702304.1,184.26017845164336,70.38449246549055,1842601784703844924,0.01990511954603571,-0.03573291207664507,0.2311619334350944,1.0445349745327808,1.7591603468102326,23.286736432395216
J121926.89+723515.2,184.86207138036224,72.58755865733143,1848620713725875586,0.03659902340066283,0.06470196463919596,0.3821497782250671,1.365129020256616,2.484756700961002,22.911790323768294
J122121.73+701810.7,185.34056049967245,70.30299787392805,1853405604703029978,0.022977350563843868,-0.08929794364822373,0.4240159395776612,1.628239019149226,2.933347461394327,22.731591227113373
J122140.29+691257.8,185.41788762506238,69.21606691326457,1854178876692160669,0.011780566138817297,0.46956358373174023,0.0843106012412757,0.8285805811644845,1.7421238833311967,23.297302413312053
J122156.49+673049.4,185.485384721451,67.51372542764805,1854853847675137254,0.02606804477103704,-0.010428649580459288,0.20653180486620085,0.6647154931472181,1.1655176524320878,23.733702861137587
J122340.26+683118.8,185.91778494944597,68.52189821607703,1859177849685218982,0.02902200934436173,0.29605342068629625,0.20811152740557326,0.9182887906689777,2.1857704637982844,23.0509886173334
J122419.65+710530.2,186.08188735586637,71.09172850740052,1860818873710917285,0.016420643705167957,0.13104529255360886,0.2936296519413323,0.8673259639726347,1.915922099355051,23.194055382856654
J122509.19+700339.9,186.2883199479432,70.0611005934946,1862883199700611005,0.02840613109139964,0.2509449869626507,0.43788286685493627,0.7960344693635708,1.623268034253919,23.374024408711623
J122559.27+751520.9,186.49698958425304,75.25580612692677,1864969895752558061,-0.004646682337197712,0.18941566471945093,0.14447422093218965,1.0552053800807746,1.9440775018987917,23.178216064090122
J122835.61+734603.5,187.1484000569784,73.76764320708183,1871484000737676432,0.009665998138353954,0.21109601748068055,0.18720701779630947,0.4151223595633257,1.2150347409245073,23.688528260768887
J122955.04+721203.5,187.47936755938707,72.20099500233252,1874793675722009950,0.025746412914713558,-0.05394904941271593,0.42955088252225654,1.2309723453785437,2.2537609163576096,23.01773039176937
J123824.98+640444.0,189.60410843360822,64.07889244769865,1896041084640788924,0.026862151113404825,0.02389598961734553,0.35050199946112887,0.8355760508860806,1.3591271295050937,23.566849796247705
J123952.14+765750.4,189.96728004471174,76.9640115191881,1899672800769640115,0.022861576278245838,0.21359497323841053,0.35846748618164326,0.5432918268589717,1.1750221406465113,23.724884875033773
J124043.11+665554.3,190.17962334318787,66.93176689879436,1901796233669317668,0.002580623666963042,-0.16264750317939755,1.9330769783253514,24.58364308269184,4.118897049930274,22.363047657281783
J124044.85+680213.8,190.18690953291562,68.03717465926576,1901869095680371746,0.02116897665319166,-0.09161888270125056,0.178871134462812,0.8145254161833522,1.2548074076682854,23.653557315348618
J124103.88+671700.2,190.26618896247993,67.28339803718143,1902661889672833980,0.03215452046747433,0.22351495991300618,0.7970962054946082,1.8109420083462098,3.7392795189971144,22.468030173019294
J124327.81+715440.6,190.86589005643015,71.9113032045388,1908658900719113032,0.014510530481350419,0.29955128794250485,0.2801536304064439,0.6708752737819477,1.3280587858114046,23.591956751824267
J124449.99+685335.9,191.20833088801783,68.89331307856591,1912083308688933130,0.034225152111553726,0.02358258839408903,0.35437047326242466,0.7388778391687337,1.3174319698854946,23.600679504550683
J124510.94+763400.9,191.29559427955073,76.5669251356062,1912955942765669251,3.3969223074467065e-12,0.14159726657480448,0.2397026855273513,0.6914460695801864,1.0553274409759041,23.841531922609324
J124718.76+700049.9,191.8281917572905,70.01386495273769,1918281917700138649,0.014633932766318348,-0.42815096026603294,0.14695281859049947,1.0445542393445433,2.0265960438311046,23.13308202370225
J124721.56+632347.9,191.8398541302353,63.39665844516711,1918398541633966584,0.01787075732080671,0.18678953379507632,0.5710517653949565,1.3278949323663847,2.673472191814975,22.832310822161503
J124843.59+682053.6,192.18165634915405,68.34824297395299,1921816563683482429,0.03661405929661214,0.14679202435045077,0.2062093979964751,0.6739872311320988,1.026040311020951,23.87208894087227
J125149.74+713404.8,192.95726193811157,71.5680015709009,1929572619715680015,0.023611025542717455,0.11570667368369106,0.2193544859145228,0.6896174318557052,1.0877789277555738,23.808648396271586
J125417.08+643023.1,193.5711839735571,64.5064263779619,1935711839645064263,0.003835478879643792,0.46718379356020057,0.3145267195512329,0.7508889424828858,1.4376426201639072,23.505872651677947
J125434.73+651457.5,193.64472160884839,65.2493049822492,1936447216652493049,-0.0015202546085530885,0.16632065300574306,0.1710344763964896,0.6848650443317902,1.441963657525041,23.502614213006847
J125715.29+684224.6,194.31374415854037,68.70684967343858,1943137441687068496,0.02859828510897483,-0.18718797037874174,0.8278293126372067,3.2526273681072437,7.23324623607539,21.751666875709944
J125727.19+715149.4,194.36331593582128,71.86372958341762,1943633159718637295,0.026494010733746423,0.14900583971990025,0.27772407399202975,0.7577330892492722,1.233586719051352,23.67207578734142
J125754.79+671447.6,194.47831676252844,67.24658021993412,1944783167672465802,0.020395036416273625,0.2440104401894601,0.37386302756851536,1.0046247240647976,2.2886662361193704,23.001043843325117
J125832.57+763744.5,194.63571924593543,76.6290277939153,1946357192766290277,0.029953110649242484,-0.1633232992006772,0.47520797104035506,1.6527599080020956,3.8722757970105404,22.430084295729465
J125910.22+643253.6,194.79259011971942,64.5482355353048,1947925901645482355,0.029212325232757578,-0.8300571531570442,0.2938401883509062,0.6158667951198716,1.7009516907797464,23.32327005183823
J125914.65+762339.3,194.81104883005779,76.3942679045019,1948110488763942679,0.022937421317931708,0.18632549171630391,0.23495943598840593,0.9863355536618779,2.0358916486202183,23.12811334783538
J130015.62+660400.0,195.06510964942723,66.06666906972234,1950651096660666690,0.023977620076591506,-0.0011394537425683199,0.7690394973063859,1.99575094953423,4.216644852351558,22.337582439933307
J130321.03+742649.6,195.8376364928291,74.44713193826674,1958376364744471319,-0.002278150954780686,0.025998007071687878,0.19589190758304798,0.6501723153937989,1.4230237067991767,23.516969661865346
J130411.15+674307.7,196.04648122842386,67.71880915003365,1960464812677188091,0.024355561982680865,0.39476863899975906,0.7685869615867509,1.4909932751860397,2.603467373502315,22.861119651266755
J130701.31+661830.9,196.7554964497028,66.30858629406349,1967554964663085862,0.0008109884131198598,0.2151141085947962,0.1872095993781197,0.4120292795326773,0.6831171021342588,24.313762104443825
J130809.37+644951.1,197.03905087638256,64.83087913938793,1970390508648308791,0.018793178174637815,0.35113875630557456,0.17294067356220263,0.8085932868108415,2.2409026071635094,23.023942545287287
J130900.71+722640.5,197.2529675539837,72.44459791951452,1972529675724445979,0.007118470963494886,0.08741946856709545,0.17199136639695678,0.5404167898878774,0.9501075182548819,23.955568113244667
J131312.85+660937.2,198.30356886996864,66.16035607333973,1983035688661603560,0.0028994673737597343,0.261203883671511,0.13393083260265956,0.4399294031168719,0.6575076634156525,24.355247952495755
J131335.14+642507.5,198.3964294608882,64.41876814676596,1983964294644187681,0.02385579733164568,0.22073536048898174,0.2803384257101456,0.7844177698174565,1.2950398995447103,23.619292127441067
J131406.08+655703.9,198.52533364506547,65.95109063296216,1985253336659510906,0.0076120362717751735,0.13255084403417963,0.12375195643786185,0.5993217130231573,1.8585498897339405,23.227064441215703
J131822.71+762539.2,199.59463518749237,76.42755889581854,1995946351764275588,0.02717962118977712,0.2981839275821961,0.5582672101376434,0.6051116727325904,1.5059112099729086,23.455501584540798
J131837.30+652323.4,199.65541888791736,65.38985826428309,1996554188653898582,0.013070458152408952,0.06316900691969694,0.31867807086707134,0.7718184523932237,1.5192840482234808,23.445902555067406
J132055.88+680958.5,200.23285137394245,68.16626114030026,2002328513681662611,0.033570843855693595,0.49851123541533626,0.5683302975033099,0.9771199245108249,1.4874599805844277,23.468886774830718
J132158.36+700945.9,200.49319626124188,70.1627762253032,2004931962701627762,0.02986959711609962,0.122259324883924,0.25891359562135163,0.826656857546949,1.4316682966065886,23.510393980280572
J132344.34+690353.9,200.93477226975142,69.06497215180059,2009347722690649721,0.032255811620539226,-0.11679494969368129,0.3140110676978749,0.7517143007046545,1.2174298351810346,23.68639014832602
J132414.46+715131.7,201.06027082727311,71.85881907522176,2010602708718588190,0.018204619565327894,-0.1453194280567664,0.4063486514018029,0.641491131345902,1.0456296037178987,23.851555323923293
J132751.10+715615.1,201.96292264633547,71.93753621971508,2019629226719375362,0.008853434115904684,0.07526928318875352,0.18254223330631103,0.4514111644020157,0.8546818668656426,24.070488775096095
J132805.77+782537.7,202.024053050626,78.42714687351236,2020240530784271468,0.023083439480595894,0.34747530745650906,0.4264898533823889,0.7452745947624181,1.1915402202598813,23.709728233813912
J133215.13+661128.6,203.0630436549174,66.19130111767156,2030630436661913011,0.020997315877787116,0.174129717486594,0.3163174973967421,0.8429979102573633,1.7361636818047168,23.3010233321823
J133303.57+742003.2,203.26490269658657,74.33422838074632,2032649026743342283,0.02164595517016265,-0.1721276073530741,0.24363085434291737,0.6188447331938731,1.22348671397197,23.68100185589079
J133344.85+710413.9,203.4368755864051,71.07053695763844,2034368755710705369,0.016653258064932112,-0.1484149197480648,0.5464888213356439,0.5432142554887375,2.1735491183516706,23.05707635269475
J133347.57+731603.7,203.4482337140869,73.26772006897389,2034482337732677200,0.029161942056833937,0.11059976319322772,0.33010787187745927,1.6209279700557522,4.19422169396934,22.343371544403105
J133425.11+675238.9,203.6046428121565,67.87749437798834,2036046428678774943,-0.00223467273774719,0.11101193871049433,-0.12024708198967432,16.1534650088214,1.3424953592732656,23.580218017228365
J133803.62+694547.9,204.51511312887274,69.76332559045375,2045151131697633255,0.034805774802825734,-0.1624982571363333,0.40848023102773173,1.4888709483638074,2.54778700822965,22.88459220322097
J133904.83+714733.1,204.77014490556692,71.79253887072375,2047701449717925388,0.008315233572946107,0.1064318395278967,0.21624735493463354,0.8554519211361219,1.6400784864752114,23.362838420387657
J133947.26+761611.3,204.94694124084384,76.26982527237564,2049469412762698252,0.010536821496512173,0.08140362942273308,0.16373065269192347,0.5755059504676658,1.671799640739938,23.342039431080796
J134228.30+672533.5,205.6179260907797,67.42598289721931,2056179260674259828,0.031653887743105916,0.40322582999441714,1.0838679706567733,2.8168840187323387,5.389136323968196,22.071202075803814
J134433.85+720917.8,206.14107202610853,72.15496497309353,2061410720721549649,0.01752664364679101,0.31510118883148386,0.24369829396077178,0.6966565125191678,1.217582194488905,23.686254278757495
J134946.74+690252.4,207.44478041189527,69.04789271091606,2074447804690478927,0.01959313557209258,0.086734147968815,0.40648081055368,0.8166196687890384,1.32138325157446,23.597428005350373
J135319.70+710759.9,208.33209772501328,71.13333054961507,2083320977711333305,-0.005480463956191514,0.2526912459546981,0.2714495412738602,0.6290634325573742,1.3577391296426278,23.56795916394581
J135431.54+683259.0,208.63144509596333,68.54972867222834,2086314450685497286,0.01110265898486702,0.1651113340096489,0.26866852208878983,0.5057624998130262,0.90598924363916,24.007192396138784
J135526.79+675125.3,208.8616370816021,67.85704183723738,2088616370678570418,0.010106240784729173,0.029553773722794587,0.17217090886394476,0.40027982177369964,1.0093342454021426,23.889912478620403
J135629.52+725107.9,209.1230309670936,72.85219400734205,2091230309728521940,0.015402167190549564,-0.05989408978635612,0.032038457302826256,0.6121989422559104,1.2502725513150712,23.65748825822074
J135719.77+775655.8,209.33237796841294,77.94884139023064,2093323779779488413,0.027909652554750697,0.11892247198484993,0.4211641171109224,1.3563368241605935,2.7261780867436625,22.811114443553574
J140046.83+770531.3,210.19512318982095,77.09205327008219,2101951231770920532,2.6287413811114902e-12,0.2482057042260958,0.1680612364663232,0.5715855883174362,1.1963833548318865,23.705324094741528
J140151.02+683121.2,210.46261772405919,68.5225709280732,2104626177685225709,0.014277182643191173,0.37230658635436736,0.45590156232299994,0.723875914200333,1.615190358119305,23.379440716445213
J140514.19+703937.9,211.30914284034853,70.66053853357164,2113091428706605385,0.027615643218223587,0.1295738933944826,0.3318176390400065,0.6005289618587979,0.8928007023478368,24.023113691889698
J140610.31+772432.6,211.54296851995122,77.409069288614,2115429685774090692,1.938679423340213e-12,0.0024363745545845777,0.9872244567980278,1.5081040685225142,1.0964187307660873,23.800058884402695
J140903.85+744948.4,212.26606385954975,74.83011557959438,2122660638748301155,0.02732012106966429,-0.17974684020608608,0.4068500262718914,1.115113835740475,2.133407341286633,23.077315536970406
J140938.27+731523.5,212.40947491041686,73.2565436982327,2124094749732565436,0.0210221144152065,0.24549470043934932,0.15268984356190718,0.4927708011818305,2.4080158888381544,22.94585162948656
J140938.81+705201.8,212.41174455072212,70.86717765179974,2124117445708671776,0.019218092901745712,0.025369528177337543,0.2698464463622363,0.8003551430241869,1.6572484796701836,23.3515309268104
J141003.78+704901.1,212.51575924459414,70.81698311014738,2125157592708169831,0.024958309062711348,0.3532041071141319,0.6515381161363922,1.9118983501158602,3.923518256865535,22.415810805491144
J141019.53+691400.1,212.58138049276567,69.23336247248855,2125813804692333624,0.0213751248939252,0.04192325932110623,0.26853421837700275,0.751252429626416,1.1704646234956682,23.72910427006747
J141208.42+753456.3,213.03508567664989,75.58230508830596,2130350856755823050,0.023299196559454727,0.26700917294896853,0.40773050558896684,0.8233781841961053,1.4558826302473113,23.49218408846841
J141644.80+765442.2,214.18667630043996,76.91172755981314,2141866763769117275,0.03705825703490097,0.16621400730755198,0.21350301121950668,0.6271299776882259,0.9145990365688883,23.996923151093338
J141842.79+693230.6,214.67829341241983,69.54185659068295,2146782934695418565,0.015236210795535422,0.30341912013347905,0.3339870135041052,0.8110418404114154,2.386244468057473,22.955712663514966
J142517.28+700529.2,216.32200238118952,70.09146489948937,2163220023700914648,0.028745059280415503,0.2778437504453134,0.09306802411892631,0.6798934991860257,1.9233509652718999,23.189853650592852
J142818.94+720915.8,217.0789329798467,72.15439361081816,2170789329721543936,0.02247959745285445,-0.12510629982108257,0.12622544275314482,0.5474437123684393,1.3301124525288905,23.590279101626898
J143043.45+703333.0,217.68104394770344,70.55917605382336,2176810439705591760,0.01689992396229496,0.2269032539675668,0.378583446453697,1.0497398352935638,2.4406129290292027,22.93125273101071
J143227.18+782750.2,218.1132524314752,78.46395084919199,2181132524784639508,0.03174587916508474,-0.3612785305967417,0.39594166472501635,0.7707288760974794,1.2397674679604944,23.666649409779247
J143411.09+765020.1,218.54620879513197,76.83892109126646,2185462087768389210,0.05091792310846696,0.22672164958598054,0.6148000197114445,1.050474192569382,1.6110874171598615,23.382202235605966
J143926.81+785542.3,219.86173133678113,78.92843974054934,2198617313789284397,0.02920329965231907,0.3053722293673793,0.6437057959727857,1.3330200126234928,2.474021805365326,22.916491192337066
J144010.90+695018.5,220.04544771486957,69.83849680557209,2200454477698384968,0.026541105601216558,0.37100952338758547,0.4801946784498844,0.9447138381501229,1.4952731452479713,23.4631986661106
J144218.26+701829.7,220.57609430405583,70.30825669958308,2205760943703082566,0.020890092469848145,0.22238010242856804,0.3868157709672572,0.8210383784992088,1.7833718019095577,23.27189526140469
J144316.99+790631.5,220.82080895578324,79.10877482471737,2208208089791087748,0.02554135952248421,-0.04977598979857577,0.4163426067910414,0.9090935955019834,1.2804103797352644,23.63162703468848
J144332.36+725608.1,220.8848426100294,72.93558567228364,2208848426729355856,0.02290207025149462,0.24118720916798916,1.2174344244097908,1.0166241503125975,1.7330014320654603,23.303002696016893
J144359.44+720739.0,220.99769308150914,72.12751805264702,2209976930721275180,0.011374203843773797,0.008663866991574575,0.09676562741091888,1.2592481972874214,12.765583209156402,21.13489834801056
J144411.52+740416.4,221.0480342846696,74.07123676715815,2210480342740712367,0.03174863310258452,0.2712360319058657,1.1636913737787695,1.8614027437026417,4.106537992708254,22.366310387073266
J144644.62+723125.7,221.6859148529035,72.52380481601254,2216859148725238048,0.013327577014547815,0.2872244818557108,0.3588927401604095,0.6740403081783181,1.4082672427621876,23.528287306443797
J144942.90+734154.5,222.42876300229378,73.69849363593828,2224287630736984936,0.026766677622603225,0.22488337141467743,0.46556670025953834,1.060569614242119,1.710362642128727,23.31727949481224
J145052.36+713456.7,222.71816775566074,71.58243708234718,2227181677715824370,0.02168518240564624,0.10422306890866655,0.14014968067877184,0.5761073155135596,1.422608417517913,23.5172865648181
J145423.62+752747.8,223.59841967309688,75.46328056493972,2235984196754632805,0.02149931868049363,0.2597309961772452,0.40122448146034695,1.5428355828632412,2.7473093009899365,22.80273110886453
J145514.37+694231.5,223.8098936665931,69.70876830385784,2238098936697087683,0.013371466187114725,0.06189856477000402,0.3449726043101095,0.8073873285230427,2.1127799583246905,23.08786432866777
J145627.58+694301.8,224.11492113645323,69.71718292171535,2241149211697171829,0.003414653092708821,-0.17630750758573274,0.3231172359991058,0.6749381202314049,1.695151300456105,23.32697883211731
J145754.80+721434.7,224.478360352951,72.2429801727217,2244783603722429801,0.02534607587418263,0.2374823823989993,0.0988538192775418,0.4461868110001658,1.0200680260965642,23.87842716281763
J145804.71+704942.7,224.51964262603138,70.82854225156908,2245196426708285422,0.021966802801131762,0.07544773452977376,0.2771522723578806,0.8155426354734246,2.033395463378008,23.129445374284533
J145816.88+762624.4,224.57035673673835,76.44011763789815,2245703567764401176,0.027051275865604966,0.00294160208909772,0.23421143084981683,0.68202961165792,1.0961783472526918,23.800296951932005
J145849.29+703551.4,224.70540304485803,70.59761752972561,2247054030705976175,0.01661829368257469,0.15005304793147659,0.35937358480664905,0.5286332943491963,1.4389486088126069,23.504886790884076
J150038.37+720328.8,225.15988553072177,72.05801733653946,2251598855720580173,-0.004187752938520476,-0.06031839680929951,0.07365791529596229,0.6250314264757295,1.457270760559656,23.49114937230423
J150947.95+711112.9,227.44981984871004,71.1869269125992,2274498198711869269,0.012196121392059018,-3.2247809291350383e-18,0.29491424710524733,0.938316658347933,1.550281465795314,23.423973612728545
J151328.13+782305.3,228.36722480222946,78.38482793950568,2283672248783848279,0.0008959550275368817,1.0326315508884278,0.3136562996653631,2.098197121236791,22.115130614568272,20.538276228230995
J151412.22+704745.8,228.5509374979899,70.79606327410879,2285509374707960632,0.0200896938975407,0.027206343920629164,0.3085350485769808,1.0913956518633543,2.186015456953646,23.05086692887756
J151546.38+745422.3,228.94328641262544,74.90620002060508,2289432864749062000,0.011142360999000456,-0.26598926477605106,0.13988381848452608,0.42503566430138595,0.8139739650103985,24.123473714537266
J151813.81+712240.5,229.55754690976235,71.37791723348086,2295575469713779172,0.0018989868663497613,-0.3263712607320094,0.09106338680196195,0.654070202504988,1.4633473202920508,23.486631458466128
J152625.21+775833.6,231.60505976272108,77.97600520510599,2316050597779760052,0.027109998921269945,-0.04889200670971566,0.41160114655032676,1.7208144193655999,3.7273336077067176,22.471504337070204
J153110.95+763052.3,232.79566258195666,76.51452984685521,2327956625765145298,0.020353200438053234,0.06050326031345411,0.16953227574898183,0.6247774828314908,1.0946138884894374,23.80184761454723
J153632.74+725956.1,234.13643063503082,72.99891786549283,2341364306729989178,0.033340827538150694,0.22303659431621817,0.2937542663645425,0.8668037626384236,0.8132251300020605,24.124473023521432
J154133.86+733632.9,235.39110829017199,73.60914721620266,2353911082736091472,0.023754709533182098,0.10069448228352403,0.1891542798460465,0.6205280970967036,0.9171126685055206,23.99394326850087
J154449.09+775306.2,236.20456898863637,77.88507233139957,2362045689778850723,0.01704069916839379,0.01562747636253291,0.6218666568752773,1.6798091186744992,3.9721458342108207,22.40243703775888
J155249.81+781346.3,238.20757744015853,78.22953127108107,2382075774782295312,0.008557684034678104,0.09694572800878468,0.39701975563781744,0.6362396383548782,1.5951856571411933,23.39297190976202
J155500.67+734903.9,238.75282156125755,73.81777093558054,2387528215738177709,0.008967095484222698,-0.16149576146700084,0.02672659978201597,3.3399097234360244,2.802068555656366,22.781303108582925
J155831.89+740246.7,239.63289380648084,74.04630544765807,2396328938740463054,0.030077199452987702,-0.01596710895813249,0.47108293915578237,0.801299175449384,1.2805048880181293,23.631546898445244
J160306.48+774919.2,240.7770191020599,77.82201402191603,2407770191778220140,0.021609687132201183,0.37851752003264094,0.519743184430491,1.2834471091317208,2.440516677288429,22.93129555060706
J161444.86+775015.6,243.6869343941077,77.83766873770242,2436869343778376687,0.04905788496130218,0.2340332971529181,0.5971032912035118,1.0029075509376713,1.5917492376923736,23.39531337363215
J161623.28+755511.5,244.09702425627168,75.91987039284822,2440970242759198703,0.008995884177989997,-0.028694246474024552,0.2186087048965848,0.6316228808815652,1.6818917507022297,23.33550489885053
J170140.97+572637.9,255.4207466203993,57.44387004966604,2554207466574438700,0.014529413666987984,0.3064593996226367,0.12419238108184069,0.43755027943523556,0.9518022052417404,23.953633233285238
J170210.02+581903.9,255.54178499180463,58.31775469096299,2555417849583177546,0.02322973452279091,0.3045040841578727,0.1986486129345915,0.7777893286323636,1.667043006421398,23.34513299021616
J170224.59+590225.8,255.6024917879166,59.04050020631369,2556024917590405002,0.023556213262552472,0.04175592339030314,0.4926834915214679,1.0586957927830667,1.7581793231257754,23.28734207930993
J170331.17+564129.3,255.8799084905741,56.69147499602028,2558799084566914749,0.023959264021446283,0.1377441708831664,0.5406940304719614,1.486627744390029,2.6312955202692825,22.849575934123546
J170512.90+563216.5,256.3037776642892,56.53793682876953,2563037776565379368,0.02818097095674571,0.7927976550330444,0.44868542074160733,1.205970204702909,2.5434661147224045,22.886435109684577
J170526.65+574014.1,256.3610701504143,57.67059300846999,2563610701576705930,0.015585295469590421,0.3483521258848885,0.4655413551042873,1.0495332303611764,2.865186163836623,22.757117886858993
J170611.21+562525.0,256.546727203436,56.423631502417095,2565467272564236315,0.020671608765733603,-0.06893768927443467,0.2043068258513106,0.4782784239245988,1.0530093693464726,23.843919411453733
J171005.10+563341.3,257.521253725744,56.56149724514514,2575212537565614972,0.0063642043503315225,-0.7294810918031622,0.16955602611064494,0.6708115359535544,1.0107106135604982,23.888432934277386
J171155.68+603757.4,257.98199839958704,60.632636462793485,2579819983606326364,0.028772334219616592,0.11378085943017914,0.059642992679302814,0.6309226423485303,1.014827955099069,23.884018944830814
J171326.66+580027.2,258.36111680468827,58.00755472877672,2583611168580075547,0.018478711083683846,-0.1673571097278154,0.01915241650201783,0.4577061149406254,0.856460459073981,24.06823170668015
J171615.65+561713.8,259.0652439115155,56.287168357237746,2590652439562871683,0.004114257440794476,0.0629149937433557,0.2609957985944856,0.5154059413108522,1.0396394230695942,23.857793151089925
J171652.75+611444.6,259.2198230361586,61.2457307171564,2592198230612457307,0.027090896030717435,-0.04021901299988885,0.3315690835774232,0.8035015451019787,1.2609576679945529,23.64824873254621
J171800.69+563008.5,259.5028810509195,56.50236355468329,2595028810565023635,0.011570252453845187,-0.01900978993909442,0.20914743991233503,0.8822500562746962,2.881104499018801,22.751102473420637
J171913.77+555926.1,259.8073778143225,55.99060527322064,2598073778559906052,0.01788552133792535,0.3210753954722449,0.22635504436224368,0.47549827989837956,1.0066730973226274,23.89277884367082
J171927.08+593735.2,259.86286138678616,59.62646447757067,2598628613596264644,0.013538677162240588,0.25592600363118084,0.13189085500465636,2.3901849863760822,1.4251873773869794,23.515320081918638
J171952.63+603139.2,259.9693010787182,60.52756477754613,2599693010605275647,0.019489668282425526,0.3328085390971893,0.4713795861433851,1.2952447325454042,3.014211436379247,22.70206571678863
J172025.36+604814.0,260.1056911156545,60.80389137912602,2601056911608038913,0.028299750790083365,-0.3026208542608141,0.282382859996884,0.7275972946111987,1.4741818042470496,23.47862238394615
J172134.15+595802.0,260.39231357262645,59.96723857358989,2603923135599672385,0.023375708861722553,0.13420396175935664,0.3204117175255573,0.8323437719528018,1.2898118307287947,23.62368410959479
J172215.59+602045.5,260.56499026903003,60.34597254436739,2605649902603459725,0.012478552350228066,-0.098937649363042,0.09634305191519468,0.5088452934320552,1.068173128060513,23.828395879345937
J172231.27+615102.8,260.6303010693606,61.850789292294785,2606303010618507892,0.0057288597422623655,-0.08108921692650704,1.5764464527148891,0.7401881659448396,6.713277810461118,21.832663450913824
J172253.01+605755.9,260.72091001258616,60.9655266476209,2607209100609655266,0.027295879124027797,0.11571417754382907,0.23656088024224659,0.6555043941686091,1.997576879354355,23.148741243255373
J172254.37+565344.7,260.7265626893144,56.895770915283805,2607265626568957709,0.02373241466505667,0.010433897004084858,0.323636724925268,0.9196904918859317,1.9294952986390648,23.18639068820645
J172307.19+571400.3,260.7799651540224,57.23343111583829,2607799651572334311,0.015243497711610743,0.10389424254811062,0.18568760903091358,0.492252890012657,0.8654930524264619,24.056841034968173
J172655.59+565300.7,261.73163299066533,56.8835516428262,2617316329568835516,0.021872226127880996,-0.312607783183494,0.19639909694873767,0.7101782765416529,1.1876282427559126,23.713298707701767
J172710.36+563015.8,261.793197620057,56.50438896344634,2617931976565043889,0.020493618445497505,0.220011881319394,0.19692635711138867,0.7248380566445276,1.5810106011782605,23.402663044938947
J172817.76+615924.8,262.074006728069,61.9902351574132,2620740067619902351,0.029291415822198668,0.311336221843645,0.5895720451533824,1.1442643634659255,1.968276532029295,23.164784714078813
J172835.57+555501.2,262.1482155681013,55.917018379667596,2621482155559170183,0.0031250845474683764,0.2631497032347446,0.46387220727090644,0.8389687172202324,1.6546083335564323,23.35326198161767
J172929.57+571023.7,262.3732158295628,57.173264897870794,2623732158571732648,0.010467281298212831,-0.1811602454697698,0.15608560376265804,0.4958237082753199,0.7600092417989667,24.1979528165418
J173054.15+583349.6,262.72563553597865,58.56378054973459,2627256355585637805,0.0185757774992551,0.08389439115511244,0.26305946144348746,45.22472701810755,1.3807165235087862,23.54973869441725
J173212.69+575335.4,263.0528900530855,57.89318174345879,2630528900578931817,0.025331743071511075,0.28217868401535307,0.3686788640949378,0.8596279942181975,1.6561535658071271,23.35224848999722
J173340.79+550516.3,263.4199739799406,55.08786438418211,2634199739550878643,0.03168243622857932,0.33906255403957075,1.6496864062217331,2.872021808336421,3.0325947196092513,22.695464063901866
J173423.14+585751.6,263.5964334983874,58.964352927260606,2635964334589643529,0.018308180766688095,0.42131673381093815,0.37941816390452243,1.0531851006668036,2.5388668277733317,22.888400196890135
J173449.65+633342.7,263.7068848904553,63.56188118957273,2637068848635618811,0.014877054145416365,-0.03703769960096304,0.16714996077781075,0.41781804254627675,0.7857047282964661,24.16185158326069
J173459.07+601600.0,263.746125811687,60.2666894438191,2637461258602666894,0.01506342967198965,-0.030710515932900372,0.7988463018334557,1.1016297825706651,1.3568664586359467,23.568657232603393
J173601.61+544427.9,264.00673605954773,54.74108746149219,2640067360547410874,0.02224399010330861,0.02206138917253436,0.2711131899613446,0.7047630536086276,1.5550380957877852,23.420647417577168
J173735.22+600321.0,264.3967818000913,60.05585168438409,2643967818600558516,0.01674769744924002,0.37951498450154264,0.1817191510698628,0.9439580032443535,2.178725854614675,23.05449353213828
J174121.53+573011.0,265.3397207025128,57.50305801223359,2653397207575030580,0.015395280330348192,0.4361054123241817,0.2850035268509688,0.6051921294877849,1.0316736754782188,23.866144127291264
J174137.82+533458.5,265.4075975391985,53.58292981525538,2654075975535829298,0.011191345249609266,-0.08351326906727623,0.21738627156101561,0.8246176196840671,1.3448348409228261,23.57832762015785
J174153.53+555419.7,265.47305953079024,55.90548943678016,2654730595559054894,0.019055525702051476,-0.02701445193877654,0.26227606884831933,0.4402900735693841,0.7513125056421225,24.210448455605366
J174352.33+574315.2,265.96804408371855,57.72089530835462,2659680440577208953,0.014408835740592372,0.013356780850266273,0.15364239723883116,0.4228674622129183,0.7421352129383711,24.223792403637812
J174443.21+532408.3,266.1800667099282,53.40230904476835,2661800667534023090,0.022561243586781164,0.14498526495104241,0.3987153323969974,0.5800370443337982,0.9360488416981629,23.97175372450465
J174507.41+571136.8,266.28088079669897,57.193577136991394,2662808807571935771,0.019034766231363687,-0.19130334223409987,,0.7530466323892824,1.1854839020099168,23.71526084760489
J174649.97+532320.5,266.70823769814126,53.38902980288361,2667082376533890298,0.014746019338750763,-0.013831363207838763,0.23747055408562098,0.8059323747599472,1.6619974790646477,23.348424098234677
J174848.27+621150.2,267.2011277949733,62.1972849205896,2672011277621972849,0.027598712545466017,0.28399190067504715,0.5862257301563656,1.1282200203599828,2.2660664451756185,23.011818399961285
J174938.52+765247.1,267.41053325881853,76.87977608357215,2674105332768797760,0.01582671943750677,0.1329948220470911,0.29198562456374455,0.666821941165755,1.0908377552796413,23.805599597467175
J175104.59+760200.4,267.76913032109604,76.03345147540409,2677691303760334514,0.022142789501584277,0.028145729991603235,0.4360065079054039,1.930315054369431,5.2345570493858125,22.10280015657055
J175855.26+734843.2,269.7302562763778,73.8119990649742,2697302562738119990,0.030275863036395862,0.19025150193241527,0.49576006642214276,1.4020652261094573,2.6309450199254654,22.849720568680144
J180028.08+733609.8,270.1170108197984,73.60272905321625,2701170108736027290,0.027186087431066475,-1.0418363371996786,0.23114634691074437,0.5813778307223237,0.852151585701646,24.073707858804934
J180044.60+715712.3,270.18583318802166,71.9534194963741,2701858331719534194,0.030090614435121427,0.480737851413531,0.24375422370672978,0.6457978994063833,1.0510152569747055,23.845977448816566
J180146.44+755747.2,270.44353818957,75.96311213486739,2704435381759631121,0.012381920666975424,-0.06346581614167265,0.3413510889628354,0.97802534120773,1.4817200660483312,23.473084594221593
J180426.77+702357.6,271.11156397919314,70.39935263419216,2711115639703993526,0.02117646266045419,0.4660846003631091,0.42490221219317825,0.6797423064274672,1.3438441656989766,23.579127724598518
J180558.62+775508.0,271.4942771051577,77.91889789718427,2714942771779188978,0.0016394618143221393,0.1926674632815767,0.21358080427365383,0.5957521088105567,1.0905204530702752,23.805915461682115
J180727.84+731410.7,271.8660385280692,73.23631474529036,2718660385732363147,0.026075973887869242,0.23465417933683877,0.5028060001692851,0.6384553528156015,1.0444739315574345,23.852755987155657
J180733.99+735621.6,271.89164347367023,73.93935642180705,2718916434739393564,0.028932176657181445,0.08834800436713623,0.2721189157923603,0.5136760881303145,1.478748585949469,23.47526414414272
J180836.01+740403.4,272.15005780993823,74.06763237929947,2721500578740676323,0.03436582478760353,0.4833322814401082,0.48340563328237607,0.9529962153234586,1.4426494142700383,23.50209799060807
J181013.81+640005.9,272.5575487697111,64.0016405136756,2725575487640016405,0.0016727274194166027,-0.16603310848288122,0.1219037581781065,0.7143002787507058,1.721974986918343,23.309932903289294
J181031.35+742751.6,272.63065245976765,74.46435427431067,2726306524744643542,0.0313733350808863,0.47149244020252024,0.33218293779191493,0.508954960539607,1.0670998304186585,23.829487372779372
J181054.13+623955.3,272.72556341813583,62.66537219866535,2727255634626653721,0.007816397463655492,-0.02214299979832114,0.3782045328910958,0.7099185895582879,1.5938508564921423,23.393880799622167
J181131.18+623045.3,272.8799388010823,62.51258301507155,2728799388625125830,0.01756487538107892,0.07337363838750506,0.27784557285135714,0.891140027307722,1.796391102558224,23.26399776161103
J181419.38+613451.7,273.5807754407845,61.5810504568957,2735807754615810504,0.02389392917195034,0.11171533572076106,0.2544005067726814,0.5591332449870943,2.5400114898277404,22.88791079707466
J181424.73+751856.3,273.60306765005816,75.31566224939922,2736030676753156622,0.007372422176109512,0.05403396169133519,0.34597808466700153,1.1411690872673503,2.246650892888314,23.021161018408492
J181435.82+781813.0,273.64926873219684,78.30363239832926,2736492687783036323,0.019550335900481497,-0.25621794097180994,0.2914543119680528,0.621069073181017,1.2565651681660919,23.652037457608852
J181521.87+611510.3,273.8411370873739,61.252869407911824,2738411370612528694,0.01877657936581053,0.2113726856983216,0.2873021951106651,0.6627920127789612,1.1277857111318745,23.76943353038949
J181524.48+600023.5,273.85200637785897,60.006536392625414,2738520063600065363,0.025380870298341233,0.2935568295421314,0.36759733481316575,1.2802437371489328,2.353939235424896,22.970511880558426
J181532.86+730318.8,273.886943706376,73.05522468546036,2738869437730552246,0.0223574933499813,0.7962758848032956,0.8647681062827828,2.3819737258696874,4.382913311346014,22.29559279768428
J181543.47+624020.9,273.9311548744315,62.6724967098071,2739311548626724967,0.02527379019994066,0.3810845457469677,0.43814986550873897,1.0022760868530343,1.346658120105994,23.576856614621498
J181626.10+602123.0,274.1087688858726,60.35639214154112,2741087688603563921,0.02165634940804676,0.017308011437479936,0.33207181510977457,1.0205353293320425,2.1897917573255925,23.048992958270112
J181751.67+591109.0,274.46532071344825,59.18584702567779,2744653207591858470,0.0040642197111308495,0.08312711230334165,0.42463942589555276,0.6822159254688633,1.4084071620096281,23.528179437822168
J182147.24+592027.6,275.44684629024954,59.34100214318696,2754468462593410021,0.0178053366519137,0.027990704771230633,0.3650345413136101,0.9332161667904136,2.5014486894339774,22.904521002713203
J182224.83+601100.4,275.60348836116157,60.183452807844624,2756034883601834528,0.02682093405834779,0.5384346634641388,1.048399552850773,1.5745823938295287,2.1835186016690273,23.0521077597942
J182225.50+693749.3,275.6062742781728,69.63036406657639,2756062742696303640,0.008728662584473612,0.06623596206895487,0.40031989633924214,1.157589231913462,2.375828845658836,22.960462122677512
J182247.57+581528.1,275.69823000382337,58.257818632678486,2756982300582578186,-0.001157279447369956,-0.03545086784178317,4.131451495846011,1769.5011165493984,16.906421341210194,20.829870779386013
J182402.96+561938.0,276.01233768600633,56.32722522952916,2760123376563272252,0.01992259923786932,-0.048604532497405935,0.1017636878478206,0.5003902636594468,0.9751606793768641,23.927309546863064
J182443.95+583003.5,276.1831522651709,58.50098918420277,2761831522585009891,0.019001907080812983,0.09286313754915733,0.11442477425669863,0.5587073544626862,1.4234194036441614,23.516667795727994
J182533.54+580725.5,276.389760672616,58.123770585871846,2763897606581237705,0.02210311282650422,0.5622479174157777,1.2920083630746801,1.1067694487453748,2.5558256026188237,22.8811719592304
J182631.03+745954.2,276.62932706733045,74.99841346882042,2766293270749984134,0.02505879099051005,0.06464820177121232,0.3604380109711649,1.1110120767185203,2.185127172293412,23.051308206095364
J182713.45+582738.7,276.8060623186523,58.46077162582086,2768060623584607716,0.024344648487605716,0.0029465866925267674,0.6119538813121228,2.174555714419748,3.6893636208664953,22.482621347326454
J182905.34+553138.6,277.2722891122621,55.527387943828714,2772722891555273879,0.04667856399296663,0.2829228807298611,0.5976856015982017,1.464689234474687,2.3714621759076957,22.962459494550693
J182917.66+610056.0,277.3236009768293,61.01556414446956,2773236009610155641,-0.0015061688422032538,-0.3776207501098468,0.06656666285284418,1.120816644072708,1.5738641799338968,23.40758187189017
J182926.03+744558.9,277.35849669797,74.76636799465567,2773584966747663679,0.025191818360061898,-0.14585210396880813,0.3076974189165888,1.1238104602227155,1.589027008007025,23.39717180303451
J182955.77+740241.0,277.48238243650707,74.04472304122355,2774823824740447230,0.0039517648866257285,0.2550179813086735,-0.015779458970167234,1.4162726062797106,1.2310390309567714,23.674320443097322
J183213.64+621159.2,278.0568717814806,62.19978629147008,2780568717621997862,0.018715131885128612,0.059602554969706616,0.2275738820532615,0.9166546526789312,1.4385472650817603,23.505189660768906
J183310.17+622630.6,278.29238815887896,62.44185709124284,2782923881624418570,0.010745011496507376,-0.05467164263997957,0.2361037312242228,1.0038818874448996,2.2774171698836483,23.00639352361148
J183333.25+621202.3,278.3885524524609,62.20065609411919,2783885524622006560,0.03222315633092782,0.3267918957421608,0.6793096947903051,2.2645146385966495,4.223471581850528,22.33582605918873
J183619.76+655728.6,279.08236792436685,65.95795128879477,2790823679659579512,0.009783832311946697,0.6835887002577706,0.2500634231177966,0.8985573831822736,2.879231824831915,22.751808414921875
J183735.76+670002.5,279.3990274692325,67.0007148238595,2793990274670007148,0.01336073259759328,0.16488208977503688,0.5737466661430304,1.3222469227214935,2.8886407743524773,22.74826615699958
J183910.16+663303.1,279.79233537011714,66.55088576521466,2797923353665508857,0.021083675474347266,0.11631261970417991,0.18955071294996423,0.5922562745380686,0.9520455282481535,23.953355706260034
J183910.23+704831.3,279.79264464409994,70.80869522216295,2797926446708086952,0.0032335855912920685,0.22735742716306775,1.2798465999654178,1.9669108119575605,2.2412827361721486,23.02375838519727
J184254.55+672441.9,280.72731995141066,67.41166282101847,2807273199674116628,0.03459063725397061,0.20603824672440757,0.60543162581667,0.9318644618315918,1.4795622480021322,23.474666896307127
J184648.63+733309.3,281.7026579325602,73.55260603099016,2817026579735526060,0.012591586892391773,0.4400298908123925,0.31510316309646824,0.5615667774558382,1.0811945113961536,23.8152404190787
J184806.75+670213.7,282.0281232093821,67.03715704053089,2820281232670371570,0.02454260167672201,0.33030319502308747,0.3923995737055764,0.7141326781231134,2.060808166639914,23.11490608320023
