,wise_designation,wise_ra,wise_dec,wise_mag_w1,wise_sigmag_w1,wise_mag_w2,wise_sigmag_w2,wise_mag_w3,wise_sigmag_w3,wise_mag_w4,wise_sigmag_w4,tmass_j,tmass_j_sigma,tmass_h,tmass_h_sigma,tmass_k,tmass_k_sigma,ps_ra,ps_dec,ps_objid,ps_mag_g,ps_mag_r,ps_mag_i,ps_mag_z,ps_mag_y,ps_magerr_g,ps_magerr_r,ps_magerr_i,ps_magerr_z,ps_magerr_y,gaia_id,gaia_ra,gaia_dec,gaia_parallax,gaia_parallax_err,gaia_parallax_over_err,gaia_pmra,gaia_pmra_err,gaia_pmdec,gaia_pmdec_err,gaia_astrometric_excess_noise,gaia_meanmag_g,gaia_meanmag_bp,gaia_meanmag_rp,gaia_meanmagerr_g,gaia_meanmagerr_rp,gaia_meanmagerr_bp,gaia_bprp_excess_factor,pm_abs,gaia_bp_rp,l,b,ebv
0,J130118.47+002950.6,195.326988,0.4973923,12.684,0.024,12.3,0.025,11.974,0.269,8.607,-9999.0,15.144,0.041,14.106,0.041,13.513,0.05,195.32697838589402,0.4974033804409212,63157494112136,20.463522,17.602095,16.75282,16.901077,16.041348,0.02589798,0.015939435,0.022872085,0.016041901,0.006000811,3122507469767598842,195.3269786450046,0.4974041635004258,-0.2730129196871429,0.13804547575325923,-1.9777027,-0.9024911733135235,0.2801777417602237,0.1081941371442953,0.1979570675641715,0.0,17.991787,18.96413,16.716728,0.0200173039176,0.0276568587625,0.0730843494677,1.6780367,0.8261962892212188,2.2474022,308.4231874981968,63.26378836914215,0.026410917
1,J172323.10+224357.1,260.8462573,22.7325329,13.589,0.025,13.155,0.027,10.42,0.067,7.846,0.129,16.28,0.083,15.314,0.072,14.744,0.098,260.8462805580098,22.732538317109118,185280594211099,20.730083,18.180593,17.709398,17.491446,17.524712,0.02764202,0.0121774785,0.0031269887,0.0074120997,0.00800656,7786231174514372585,260.8462806033146,22.732538574573372,-0.06050773724598305,0.16201471047839627,-0.37347063,-0.13526761108526056,0.197439515081419,-0.14146462220635309,0.283203486239283,0.40368633996897824,18.3566,20.021341,17.243677,0.00157941466353,0.00781618271411,0.0444576860521,1.3456208,0.03830956594469951,2.7776642,45.22204467959081,28.939026628111375,0.05331708
2,J074317.44+440548.1,115.8227048,44.0966964,14.416,0.028,14.112,0.043,10.514,0.089,8.373,-9999.0,16.427,0.111,15.039,-9999.0,14.634,-9999.0,115.82305425718165,44.09613343194463,246333554314432,20.71021,19.378021,18.561993,18.201445,17.951086,0.058952767,0.015675027,0.007431767,0.015143268,0.008797419,7956417982308066196,115.82305343293987,44.096132440802286,0.8580782272004859,0.3558397744099897,2.4114175,-2.693355882148178,0.5070222831514861,2.1293793018546827,0.34911109882612185,0.660540112951782,19.266083,20.191847,18.10065,0.00333762004663,0.0193112614211,0.0622777122701,1.558759,11.788422119069327,2.091196,174.98034448208546,27.43153560725026,0.03715653
3,J144644.19+051238.0,221.6841405,5.2105647,10.901,0.023,10.282,0.02,9.515,0.035,8.595,-9999.0,13.637,0.026,12.287,0.026,11.349,0.023,221.6841377968271,5.210581015403941,65090229450433,17.912088,16.500734,15.665445,16.07263,15.152943,0.06136249,0.028187528,0.039625898,0.022848219,0.033359483,4760762202967821372,221.68413872692966,5.2105812941747285,-0.03513405844086236,0.08096880668538091,-0.43392092,-1.0913659597876877,0.10958344306640848,-0.3113547169290654,0.12449961280110379,0.22457880520063125,15.468903,16.715193,14.357213,0.0276966659936,0.079307330654,0.128351422992,1.4186791,1.288021417937279,2.3579798,359.49714181057817,54.87576419038759,0.03893067
4,J091421.04+524016.5,138.587672,52.6712747,13.667,0.029,13.258,0.031,11.969,-9999.0,9.034,-9999.0,16.329,0.127,15.887,0.183,15.611,0.208,138.58844063245562,52.671508487418876,304362857520326,20.28605,19.11361,18.1301,17.729486,17.231941,0.052936,0.05053642,0.00818884,0.013642838,0.015164158,7270428279692069717,138.5884402678993,52.67150752156582,0.653284246139131,0.6471201865407703,1.0095254,-8.791256256710914,0.720903283118543,-9.883131432860539,0.5423789812662767,0.8520323424166305,19.046997,20.126812,17.822477,0.00583555694693,0.022719916675,0.0920784896526,1.5871178,174.9624734903548,2.3043346,164.9568117052868,42.66650409575956,0.014722975
5,J171622.03+454721.3,259.0917972,45.7892688,13.862,0.028,13.494,0.032,11.077,0.099,8.464,0.231,16.621,0.175,15.804,0.174,15.968,-9999.0,259.09157070753633,45.789825864044815,283832913786065,19.800495,18.859756,18.12046,17.756601,17.264376,0.021200407,0.010923332,0.008251056,0.013357704,0.0021785086,8706302504637302922,259.09156829953645,45.78982795259749,0.37697029755881417,0.22414552902771043,1.6818105,-5.77640839825858,0.43737162475127744,11.206763086097723,0.5162908248058088,0.1803232127232736,18.872166,19.788582,17.755741,0.00341103593093,0.0366324988558,0.076044838623,1.506459,158.95843285139483,2.0328407,71.5514610013161,35.236943508769464,0.034951642
6,J042638.77+142516.0,66.66155,14.4211379,10.251,0.024,9.815,0.02,9.08,0.032,8.539,0.372,13.215,0.023,12.03,0.021,11.204,0.018,66.66153957148718,14.421122127072952,88905823058905,18.680098,16.409323,15.199205,15.007429,14.364925,0.10082764,0.10337792,0.0071428264,0.033258975,0.031746976,-6579530357169688637,66.66154048877053,14.421123112635685,-0.13572468025033213,0.10346117870158666,-1.3118416,0.3271623409897289,0.19044763262104053,-1.5281470050125852,0.1183830021512851,0.3175913277152422,16.798264,18.220673,15.464509,0.0204030230378,0.0560381717612,0.105793622686,1.6530112,2.4422684662908134,2.7561636,181.24473463216157,-23.296120851853704,0.57751113
7,J073848.99+470455.1,114.7041302,47.0819917,13.867,0.028,13.534,0.034,12.048,0.349,8.475,-9999.0,-9999.0,-9999.0,-9999.0,-9999.0,-9999.0,-9999.0,114.70526469152945,47.08225797040432,276797757363651,20.26385,18.945095,18.06788,17.66126,17.361958,0.018457003,0.015841763,0.0046788477,0.005483148,0.022057254,8100392432895548975,114.70526184867212,47.08225568212823,0.997962429946383,0.28192172710621455,3.5398564,-8.890410145121358,0.45258736377219877,-9.312965163289714,0.412582381647946,0.0,18.802551,19.845598,17.704,0.00497206552649,0.0153105642716,0.0906695067188,1.4523069,165.77071268112456,2.1415977,171.50898683188964,27.27990927790606,0.09713288
8,J113355.82+651816.4,173.4826217,65.3045576,13.221,0.024,12.521,0.023,9.569,0.036,7.382,0.102,15.571,0.066,14.969,0.093,14.376,0.077,173.48258089523276,65.30456891154225,327937932960194,20.29277,18.924236,17.883839,17.484701,16.981905,0.019394295,0.008888043,0.006494236,0.0036502236,0.00881531,6980737752098673400,173.482581189584,65.30457035919305,0.1556445674436417,0.22722200910940932,0.684989,-0.04467493221249922,0.3746286682124308,-0.27221953432439316,0.39421788710477595,0.8778454646263979,18.678946,19.908325,17.412678,0.00263388146513,0.0103049911043,0.0614196808851,1.6038004,0.07609932443598087,2.4956474,135.36238179407124,49.91156630696365,0.011016351
9,J161405.21+003257.7,243.521729,0.5493613,14.245,0.03,13.916,0.039,11.407,0.208,8.974,-9999.0,16.404,0.132,15.769,0.169,15.273,0.182,243.5217719447711,0.5489582192686343,68204080703224,20.683619,19.550169,18.814636,18.400183,17.98647,0.047255248,0.026320131,0.037113324,0.020644842,0.020358635,5588069936078656238,243.52178179892158,0.5489460955240294,-1.379156394747343,1.4660932037342087,-0.9407017,-15.350157103639756,2.9304870188859824,4.925838109723996,1.690745220599827,6.712771269195737,20.233435,20.079426,18.027603,0.0140695673158,0.020146521111,0.104353094042,4.093948,259.8912041896313,2.0518227,12.996497787449504,34.645493968387335,0.114844106
10,J094331.39-183428.4,145.8808037,-18.5745605,1.583,-9999.0,0.965,-9999.0,1.263,0.017,0.809,0.02,4.283,0.24,3.281,0.23,2.789,0.244,145.8807013842856,-18.574639086955514,456658102818810,13.307907,12.364003,7.8498163,7.489948,4.978992,0.0018998246,0.001,0.22199607,0.15959814,0.0019451206,2950385521509012545,145.88067471116267,-18.57461800481277,0.928914092439147,0.22372583163670692,4.15202,-14.433882483860868,0.3068244735140502,11.45553666248924,0.3014929343497386,0.5578538835746198,9.614708,13.685996,8.309101,0.0646749025018,0.149768546625,0.361638634665,1.4352072,339.5662837835407,5.376895,252.78045816234263,25.488587718617964,0.05038116
11,J140145.88+504920.5,210.441193,50.8223688,14.519,0.027,14.196,0.039,12.215,-9999.0,8.734,-9999.0,16.726,0.151,15.804,0.132,15.088,0.12,210.44085627550305,50.82244947834568,280946695748973,20.655005,19.1838,18.686934,18.526281,18.188019,0.055546105,0.020878993,0.027576713,0.01807651,0.040648412,6709096807386862801,210.44085464393788,50.82245104671967,-2.576809287164612,2.478713948425404,-1.0395751,1.4084550562299676,3.91057907730244,2.91473724636264,3.978097261316012,18.49792853734494,20.342417,20.045343,18.119467,0.0103432514527,0.0242600204964,0.094650380783,4.2645836,10.479438860753428,1.9258766,98.25502003660262,62.80317274024449,0.011450325
12,J083008.50+622743.8,127.5354169,62.4621929,4.793,0.21,4.161,0.141,2.256,0.009,1.214,0.012,7.443,0.027,6.046,0.027,5.297,0.018,127.53527099999785,62.46213499999789,326477644072494,,,11.444178,12.245831,,,,0.02861042,0.042081356,,8099002650198033079,127.5353509850402,62.46215082339954,0.25869680168287806,0.09345054464405105,2.768275,0.06397581855940337,0.10014486793777028,-1.219715908398004,0.12420249744694674,0.3434221781189581,12.2753105,14.753914,10.749693,0.00983113178418,0.0294158382313,0.0378122394329,1.8112525,1.491799802559514,4.004221,153.8614804243684,35.177225769096985,0.06553046
13,J182740.54+491833.2,276.9189514,49.3092402,0.909,-9999.0,0.534,-9999.0,0.897,0.014,0.382,0.008,4.563,0.266,3.578,0.256,2.938,0.37,276.91895774716266,49.309198827952684,285349037273128,,,9.784744,9.703015,,,,0.001,0.001,,-8929688083029124958,276.9189414684606,49.3091893438118,0.8924629281772745,0.11472360537669525,7.779244,-0.2183111926091692,0.2212970474400541,-15.898710047063865,0.2089280082018198,0.5913993098283664,9.732021,13.582174,8.014943,0.0320858497335,0.0814826338485,0.203066860391,2.0924892,252.81664093742793,5.567231,77.73601579107509,23.941255491761982,0.06732213
14,J045457.36-002254.3,73.7390013,-0.3817712,13.915,0.027,13.613,0.035,12.06,-9999.0,8.786,-9999.0,16.005,0.099,15.396,0.131,14.64,0.109,73.73866024712608,-0.3814480510811482,367640610624030,,,18.516556,18.124453,17.890882,,,0.056730505,0.036225274,0.02053662,-6055881347371548957,73.73864788540102,-0.38146324118077624,-0.3733230511779865,1.1017768594599355,-0.33883727,5.735137369128528,1.6959645917131465,-15.39788468692085,1.308399400524792,5.565331896629922,19.625017,19.957779,17.788128,0.00628262661296,0.0460396803603,0.0947676475655,2.8526492,269.9866534744861,2.169651,199.04507952829795,-25.857963826316176,0.064815566
15,J113020.92+284105.1,172.5871721,28.6847535,13.828,0.026,13.522,0.033,12.573,0.505,9.056,-9999.0,15.425,0.061,14.73,0.072,14.308,0.074,172.5875283699183,28.68438869421271,178846733330480,20.777634,19.583767,18.509483,18.13194,18.029966,0.023359545,0.012988397,0.011822764,0.0027094514,0.027598381,4351462402458389188,172.5874927155935,28.68438791656063,0.6682108250047767,0.7842546415618691,0.85203296,-48.4868533838146,0.8005142420742094,-20.782410584418862,0.8680054472856241,0.0,19.316385,20.591413,18.102848,0.0075036490343,0.0244749109098,0.190092951971,1.5292461,2782.883540762898,2.4885654,203.23623754268428,72.03949044975771,0.024397848
16,J001817.00-080559.1,4.5708588,-8.0997582,15.643,0.046,15.295,0.101,12.187,-9999.0,8.976,-9999.0,16.649,0.126,15.846,0.165,15.503,0.216,4.570865560433158,-8.099742534998247,403039731074955,,19.65917,18.512804,20.244719,17.8044,,0.008774348,0.013640266,0.00011504122,0.023429235,-2041678743570737190,4.570864896256275,-8.099739525294568,0.904292040476389,0.4476558352500968,2.0200608,11.111784868806243,1.0574988061867194,4.874094001734529,0.5704240283239528,0.7271682279690884,19.273703,20.438564,18.121101,0.00433717358715,0.021671143396,0.0863939108928,1.4823413,147.2285553083759,2.317463,98.98275244863652,-69.4151011011885,0.03566602
17,J190025.01+782853.1,285.1042276,78.4814247,5.503,0.114,5.043,0.071,4.6,0.015,4.16,0.023,7.43,0.024,6.65,0.038,6.312,0.024,285.10426722960796,78.48143438981849,357680581445626,13.005259,11.854106,9.126889,9.759476,9.243323,0.004693508,0.001,0.038857,0.038429473,0.08063284,-9035153238365520284,285.1042640108099,78.4814291806487,0.32166545542739466,0.06211940897207371,5.1781797,-0.8724456947503862,0.11056201809711436,3.4039966479991097,0.13836563486291634,0.31436331597201395,11.514242,14.121114,9.893243,0.02478643734,0.0633192777063,0.245970287995,1.9623696,12.34835466987766,4.227871,110.09503540273322,26.09371647952599,0.0733445
18,J010449.04+020529.0,16.2043419,2.0914074,14.723,0.033,14.377,0.058,11.74,-9999.0,8.963,-9999.0,16.317,0.107,15.696,0.125,15.055,0.143,16.20428839293919,2.0914322396193556,44040594793282,20.633955,19.605001,18.97277,18.626276,18.215097,0.024898903,0.009773254,0.020422602,0.14420521,0.15587145,-3266675434401541762,16.204290840664967,2.0914320863455584,0.6836155425895379,1.1741322882936205,0.58223045,-1.8343487507670417,1.4375024313212401,-1.3025287382090929,0.5512078417329003,0.9804429338356442,19.458776,20.487967,17.91943,0.0450448222294,0.106683538679,0.187664549597,2.0427125,5.061416453301178,2.5685368,129.753831698387,-60.60289775559029,0.025039967
19,J114541.21+791453.2,176.4217375,79.2481328,14.587,0.027,14.139,0.034,10.709,0.071,8.89,0.393,16.787,0.186,15.601,0.148,15.414,0.182,176.42072403686154,79.2483282709103,355387068979115,20.550114,19.463684,18.740217,18.327778,18.06328,0.02320718,0.04368772,0.026915183,0.016111143,0.032553155,8205593705441159529,176.42068629755437,79.24832995163806,0.3897695179397082,0.4663006575346502,0.835876,-4.553098247991848,1.0243789358529696,-0.9882713672283133,0.7346601744438112,1.8564195885615207,19.655474,20.232225,18.166845,0.00465081301434,0.0287548438519,0.062648900204,2.1093447,21.707383951149755,2.06538,126.74183615004029,37.3889720643856,0.079826504
20,J172408.28+182306.0,261.0345337,18.3850215,14.009,0.026,13.28,0.029,9.863,0.048,7.447,0.116,16.151,0.091,15.628,0.124,14.875,0.118,261.0345285116613,18.38503511450749,148773372170278,19.811098,19.065886,18.151003,17.901138,17.697939,0.007462208,0.004869961,0.004776857,0.004008032,0.008695683,7551797703286503259,261.0345286768961,18.385035799771643,-0.041326236498200414,0.21018096808128872,-0.19662216,0.0643996228496882,0.3261086037599204,0.08045730612089393,0.3851442534075525,0.0,18.801989,19.801014,17.809544,0.00242614425027,0.0158968178118,0.0423365889767,1.3548166,0.010620689531413317,1.9914703,40.678313405952636,27.245423657593516,0.04949408
21,J132717.36-250214.2,201.822335,-25.037305,4.072,0.328,3.76,0.076,2.084,0.017,0.877,0.015,6.626,0.019,5.546,0.029,4.819,0.017,201.82233583598943,-25.037408071155784,502725922038110,13.342602,,10.322342,13.246198,8.331825,0.005533695,,0.021797657,0.06066084,0.001,1949777163674751695,201.82233710427852,-25.037402679312027,0.22549799974605333,0.2403968147577052,0.9380241,1.9398752078093402,0.4451321192150423,-3.590436789556428,0.3814425116004027,0.8252560516427935,11.537901,15.350417,9.786041,0.0207966680838,0.0449658194289,0.173121511911,2.1606653,16.6543521616736,5.564376,313.12890920956835,37.123388170952495,0.08489308
22,J165442.41+110231.5,253.6767102,11.0421103,14.498,0.029,14.175,0.04,11.291,0.162,8.36,0.319,-9999.0,-9999.0,-9999.0,-9999.0,-9999.0,-9999.0,253.67689687428754,11.042351028435936,109736414490489,21.439363,19.296003,18.414762,18.245333,18.238262,0.14864777,0.012215717,0.011840397,0.0082152365,0.028703641,6741096993801658083,253.67689885567583,11.042349540072324,-0.6140738765115418,0.32847962280236326,-1.8694428,-0.5489742802028409,0.595837560995769,0.37359287821407494,0.48013061129092166,0.8935947568290479,19.169462,20.386822,17.979778,0.00344619783303,0.0113548191721,0.191948949169,1.5132958,0.4409443989765039,2.4070435,29.742145814816148,30.8809379645106,0.06354621
23,J031606.25-211442.4,49.0260633,-21.2451151,15.91,0.043,15.583,0.088,13.103,-9999.0,9.176,-9999.0,-9999.0,-9999.0,-9999.0,-9999.0,-9999.0,-9999.0,49.026109636430355,-21.245110757900164,444795403160140,,20.13327,18.589977,20.387543,,,0.10817912,0.010680177,0.20182958,,-3551915138925696577,49.02611131585508,-21.24510928985522,0.752673783684495,0.2715136927230066,2.7721393,10.957662277685785,0.5494543321127247,11.233868889880387,0.5504111812771395,0.0,19.185463,20.069035,18.140202,0.00457675807199,0.0563487665057,0.0727412539718,1.4405695,246.27017282684042,1.928833,210.78644914131988,-56.60452700555921,0.021674862
24,J094302.58+174630.5,145.7607585,17.775159,14.147,0.045,13.815,0.058,10.823,0.146,8.124,-9999.0,16.258,0.113,15.972,0.233,15.32,0.177,145.76109146660554,17.77452065667907,139513422743274,20.40583,19.20242,18.332478,18.014019,17.801733,0.021153037,0.0105253775,0.015330457,0.020250482,0.01640381,5128016678831034000,145.7610900009401,17.774517751109936,0.6158834622863476,0.5592283364079027,1.1013094,-8.979346533414367,0.7914923338259314,-6.147625860013021,0.6906826979183418,0.0,19.093563,20.00954,17.896189,0.00513875706383,0.0214392283162,0.116558116348,1.5987958,118.42196788184144,2.1133518,214.89452925846956,45.735904533869835,0.02471269
25,J181625.23+404135.8,274.1051395,40.6933024,5.904,0.113,5.343,0.053,4.856,0.014,4.364,0.027,7.037,0.032,6.18,0.017,5.855,0.016,274.10518153300626,40.69327374022239,256164734478455,13.418497,13.443925,10.194574,10.98877,9.579974,0.0033373833,0.03032875,0.026256884,0.41423035,0.05274662,-8966526120606247561,274.1051791892933,40.69329188522773,0.42819571284576263,0.08786348332484928,4.8734207,-0.9341876065855572,0.18282959936271262,-1.3066286328387253,0.15018164006450382,0.36201813542124156,11.763953,14.5218525,10.067832,0.0261717766871,0.074213119252,0.302575479206,2.0895655,2.5799848684520486,4.4540205,68.08259188172632,23.578780552204766,0.031537388
26,J204958.10+031928.4,312.492084,3.3245634,5.857,0.109,5.236,0.068,4.057,0.013,3.344,0.019,7.771,0.024,6.853,0.033,6.405,0.018,312.4920015286602,3.324527161996561,78404628037129,13.643101,12.122542,10.002308,11.161426,,0.0010378836,0.0024547577,0.013810635,0.0011443279,,-4949385621735970507,312.4920002627648,3.3245255576169996,0.7382416635041897,0.0893923095280352,8.258447,-0.3203996186147697,0.14308979183676696,-8.06348283402174,0.1030981954788699,0.2539528944808482,10.875003,12.961023,9.596463,0.00934011015079,0.0262045194162,0.0430634095128,1.4903985,65.12241133017176,3.3645601,50.617146859156676,-24.38443737770503,0.094609305
27,J160305.23+465951.0,240.7718278,46.9975265,14.062,0.026,13.748,0.029,11.44,0.092,9.006,0.31,16.651,0.117,15.816,0.113,15.511,0.169,240.7708480573832,46.997145585008475,282767761928157,19.953386,18.79618,18.08258,17.74975,17.582605,0.013470516,0.0059000417,0.003482517,0.003937054,0.0090562925,7878554966875450930,240.7708467431886,46.99714456732575,0.9278049241922048,0.18154696963921285,5.1105504,-4.371413162286504,0.4210371779343241,-6.703901906146686,0.3678586136216794,0.4703113788401796,18.693733,19.644161,17.715982,0.00249248304894,0.010089331739,0.0298864838121,1.3539081,64.05155380264885,1.9281788,74.08803464828935,47.75973223856973,0.016409459
28,J090056.91+612327.3,135.2371654,61.3909225,14.393,0.028,14.056,0.039,11.534,0.199,8.852,-9999.0,16.332,0.111,15.533,0.159,15.087,0.119,135.2367665067483,61.39096154158869,326670917596116,20.18302,19.606234,18.60747,18.344254,18.00624,0.031976704,0.020389967,0.041114282,0.015151586,0.03145845,7828610750695344512,135.23670816464082,61.39095212582786,0.7376278505717192,0.515357911988865,1.4312924,-17.67676473373756,0.7880912661536976,-19.335301151215006,0.7082524580631473,0.7222204696752504,19.807386,20.060179,17.959417,0.00711902213857,0.019626289671,0.0545372870321,2.9176228,686.3218820600842,2.1007614,154.25880306542228,38.94055444416124,0.06659273
29,J085454.06+641003.4,133.7252648,64.1676253,14.097,0.099,13.544,0.089,12.032,0.481,8.92,-9999.0,-9999.0,-9999.0,-9999.0,-9999.0,-9999.0,-9999.0,133.72464898056117,64.16752659042025,326597903160116,,19.410582,18.524033,18.130291,17.770939,,0.0163663,0.010353339,0.022036968,0.03496662,7990652376350490732,133.72464772709944,64.16752758909847,-0.08494297299706632,0.407667288233522,-0.20836347,-9.821156505964009,0.3478595057257903,-6.906440456393543,0.6375919352237394,0.7262634814499583,19.263952,20.177946,18.056475,0.00339243928043,0.0163765922213,0.0575200401521,1.6113708,144.15403489234862,2.1214714,151.07885151613834,37.543992535960385,0.10634901
30,J155505.81-113409.0,238.7742345,-11.5691902,13.391,0.067,12.759,0.03,9.935,0.057,8.074,0.266,15.63,0.077,15.038,0.087,14.3,0.071,238.77374939519024,-11.569200862013385,426881094560229,,19.571163,18.609083,18.139997,17.897905,,0.023869319,0.007880473,0.013203117,0.01229052,4614817427543300741,238.77374634509178,-11.569199788576181,-0.0511872390881074,0.36535860893484307,-0.14010136,-3.5228886156119694,1.075561538815036,-1.9177551550214331,0.5732938197086235,0.43811421929228217,19.2845,20.387209,18.145758,0.00288728428274,0.0344111185187,0.0902948035599,1.4814957,16.0885290326197,2.2414513,358.1210731871645,31.008572293678018,0.26749918
31,J004641.61+063221.9,11.673375,6.5394414,14.067,0.028,13.635,0.037,10.814,0.152,8.173,-9999.0,16.131,0.122,15.516,0.14,15.018,0.151,11.673763875622782,6.539296992408062,43546673494027,20.459019,19.265438,18.220957,17.973742,17.85066,0.036429763,0.059046295,0.025885317,0.023895603,0.018483618,-3303196812629761847,11.673803100644033,6.539315226694226,0.2621434109859753,0.44759444628741835,0.5856717,7.34532151248349,1.2570127973472713,-12.709256664938536,0.5956192689734724,0.9564891744077232,19.481133,19.786234,17.783936,0.00342180368187,0.0178030670323,0.0750425628443,2.58733,215.47895309703733,2.0022984,120.80785293698807,-56.31278636731834,0.034570985
32,J085735.50+395958.9,134.3979243,39.9997064,15.601,0.046,15.285,0.104,12.182,-9999.0,8.888,-9999.0,16.696,0.126,16.475,0.244,15.904,0.214,134.3979665391443,39.99991198314106,247862562747597,,,18.531881,20.065577,,,,0.007959366,0.14437467,,6874850384297372011,134.39796677576177,39.9999112064509,0.6676759202826485,0.40369971414640404,1.6538925,1.323358567465739,0.5567199721673748,-6.773452576900262,0.44442980717815195,1.2074493652745701,19.234379,20.184975,18.117607,0.00349897695514,0.0204438329652,0.0565421297253,1.4970721,47.63093770960177,2.0673676,182.121738655624,40.52014818595473,0.02058939
33,J013307.33+304543.1,23.2805459,30.7619769,12.582,0.024,12.068,0.024,9.926,0.047,8.612,0.338,-9999.0,-9999.0,-9999.0,-9999.0,-9999.0,-9999.0,23.280541359517105,30.761989260779877,200755361391346,19.741024,18.043488,16.796057,16.4963,16.211426,0.017096138,0.011876384,0.003655572,0.01656303,0.019313464,-5267522714163146963,23.28054213503111,30.76198930550807,-0.3350800053738987,0.15419765089772458,-2.1730552,0.035826796305230904,0.35829541567821854,0.16308518177531534,0.26355854418311964,0.0,17.820982,19.013155,16.609,0.0154373106575,0.0394848045788,0.0590237766982,1.5453458,0.027880335848184154,2.4041557,133.40827408559494,-31.260297880638213,0.04186846
34,J162859.08-075236.8,247.2462027,-7.8768967,13.764,0.026,13.346,0.031,10.463,0.1,8.267,-9999.0,16.398,0.125,15.36,0.108,14.55,0.102,247.24594954827973,-7.877019234113527,428384333104381,21.042307,19.753923,18.760332,18.317646,18.013151,0.052178197,0.040231008,0.027463289,0.0349277,0.025929624,5263124667652176744,247.24594226481756,-7.8770166422627215,0.14707357454431644,0.7457095489857657,0.19722635,-0.7070589488935897,1.4712745326023895,0.6616428303235323,0.878222119510789,1.31260689462666,19.740675,20.375433,18.115017,0.00535996810379,0.0184682612719,0.096406460897,2.3126843,0.9377035921290424,2.260416,7.380585298804013,26.799642949132778,0.2852891
35,J151939.06-011658.9,229.9127505,-1.2830361,14.397,0.088,14.071,0.088,11.892,-9999.0,9.265,0.501,13.82,-9999.0,15.71,0.39,13.177,-9999.0,229.91239427673892,-1.2831778916008487,385615048764795,14.569,19.745789,18.431797,18.18002,17.73198,0.6,0.033518586,1.5329935e-06,0.014257222,0.01861412,4777984953105337839,229.9123972679771,-1.2831810241712767,0.9750963193234676,0.6513658964421318,1.4970024,-8.55774118687786,1.0898958716897307,-2.409432237673748,1.0589269000102692,0.7411173349828236,19.476992,20.164442,18.133749,0.00634565004739,0.0570057857509,0.185116969107,1.8572236,79.04029792952723,2.030693,0.43336993080758984,44.41829490987278,0.101854905
36,J012037.27+401658.8,20.1553087,40.2830062,14.679,0.029,14.343,0.043,12.93,0.519,9.435,-9999.0,16.906,0.173,15.651,0.135,15.104,0.135,20.155177326186458,40.28294969871599,236072877440798,21.108747,19.777573,18.767382,18.377752,18.008608,0.046894822,0.02785643,0.0169596,0.013621974,0.051343367,-5574383215335951507,20.155157396999908,40.28294289910352,0.7671397790340904,1.1800338232717522,0.6500998,9.052307542420944,2.7500977504930724,-1.6847716720865273,3.0636522622307223,4.617518054506239,20.128792,20.222782,18.141092,0.015850196796,0.034859928507,0.125731619384,3.3300474,84.78272742963635,2.0816898,128.93999695969475,-22.248040623514246,0.0484994
37,J075544.34+243952.4,118.9347612,24.6645738,13.364,0.04,12.758,0.044,10.967,0.149,8.78,0.427,15.548,0.182,14.89,0.213,14.795,0.18,118.93474772902135,24.664027506467736,174976967655730,19.653639,18.559631,17.540443,17.204887,16.7246,0.08218384,0.014997905,0.034045428,0.011728216,0.012672361,6876380904483256314,118.93474608000929,24.664028586937796,0.9076835838717711,0.2225494691283049,4.07857,-2.2070975782368842,0.3843971999075966,-7.775006593650648,0.2350267629613502,0.4016645909289794,18.455208,19.373339,17.333576,0.00262869223738,0.0145034187369,0.0407415433659,1.5116893,65.32200725117018,2.0397625,196.55385464822217,24.471191331179764,0.06296368
38,J204910.63-005046.8,312.2942981,-0.8463397,5.438,0.179,5.108,0.068,4.356,0.014,3.442,0.022,7.005,0.019,6.059,0.023,5.62,0.016,312.294256043988,-0.8463731412529679,397726856532274,15.345181,13.518821,10.314982,11.767595,10.999217,0.007042408,0.008514596,0.018316269,0.09734011,0.009937763,-4697447925393864592,312.2942544440001,-0.8463693349952542,0.7724216329169569,0.20362091555197953,3.7934296,-1.335901880025351,0.29566247643625293,-4.135547378229422,0.17623249568108904,0.5558984500093574,11.666587,14.89137,10.118872,0.00647436315044,0.0178818198787,0.0175674773235,1.8097891,18.88738595063551,4.772498,46.54698619010205,-26.362964383700067,0.0728867
39,J221858.08-131711.2,334.7420356,-13.2864522,14.078,0.03,13.732,0.037,12.012,-9999.0,8.675,-9999.0,15.841,0.106,15.324,0.143,14.785,0.136,334.74166250017817,-13.286352164703688,440393061694348,20.423502,19.226992,18.173555,17.993942,17.50816,0.015265465,0.04198497,0.051219746,0.09213667,0.06669399,-2805531461619231965,334.74160388745696,-13.286369618484782,0.1671256316519872,0.4734858070557373,0.35296863,-11.768918661219281,0.9539670046846017,-9.65112419322091,0.8354873474019434,1.4287038034556767,19.253845,19.506222,17.55535,0.0075593330752,0.0547314615473,0.149648885734,2.6173077,231.65164464736944,1.9508724,46.465863358927166,-51.83575934508908,0.04123937
40,J151903.95+623048.7,229.7664929,62.5135378,6.373,0.087,5.86,0.044,4.836,0.015,4.074,0.025,7.958,0.02,7.251,0.02,6.876,0.018,229.76651498605386,62.51351242008867,330063941805263,12.668482,12.032327,9.967602,10.100278,9.479974,0.045715176,0.0025577545,0.041684628,0.022834778,0.10790584,8023954384532584580,229.7665072340767,62.513541994078295,0.1364376911348407,0.034341730089805705,3.9729416,-2.0911434848783874,0.060432326733300755,-1.4312395623619028,0.06796833280525652,0.14255916061122298,10.470715,11.9926605,9.257472,0.0090476207005,0.0172086898463,0.0354914518537,1.4828042,6.421327759219217,2.7351885,98.88837320365019,47.13553235257779,0.028574832
41,J120132.15-202820.9,180.3839693,-20.4724929,14.301,0.028,13.904,0.037,10.262,0.067,8.819,0.481,16.347,0.11,15.728,0.164,15.115,0.15,180.3836358688876,-20.472307181171242,460210040763313,20.373646,19.539959,18.49135,18.116491,17.914745,0.07802755,0.0155239105,0.029022697,0.033499517,0.015355668,1104419847682433022,180.38360432758856,-20.472299101732336,0.8468571792980971,0.8980503897022104,0.9429952,-8.084667027483134,1.1404026879044904,-25.7093807997844,0.5244125830621499,0.0,19.591784,20.224419,18.115911,0.00428553636972,0.0227530964832,0.0700156389797,2.0681162,726.3341020535959,2.1085072,287.4036281396435,40.88979501875531,0.050908696
42,J214542.22+240909.5,326.4259349,24.15265,4.275,0.272,3.954,0.178,3.404,0.012,2.461,0.018,5.779,0.021,4.901,0.017,4.494,0.02,326.4259769895575,24.15264399459557,193857643925047,13.175107,11.655218,8.871125,8.637947,,0.13657665,0.0056708655,0.03000927,0.001,,-5451906416094548446,326.4259602623322,24.152631585795024,0.4548440697869581,0.19497905678240307,2.3327842,-7.220536527910541,0.2871551838682818,-8.900970941081567,0.25571972491164113,0.43922402906704183,9.984497,12.880017,8.527634,0.0112076062806,0.0348498273514,0.0546265508248,1.6808554,131.3634314448689,4.3523836,77.48491505893927,-21.907218669705117,0.067808785
43,J122411.88-193008.2,186.0495241,-19.5022843,3.96,0.493,3.52,0.182,3.042,0.011,2.207,0.022,5.502,0.029,4.678,0.044,4.255,0.027,186.04944609204526,-19.502321890567604,460643832438389,13.094339,12.337622,7.5526595,8.40402,5.3858123,0.001,0.33686566,0.1570468,0.001,0.08835006,1464479119453513012,186.0494038240064,-19.50233214442423,0.9545829779759336,0.11605598684496292,8.225194,0.09758838542642567,0.20746463125885653,-1.8926870493434815,0.15189297672980334,0.41486795619710737,9.731951,12.725762,8.246181,0.00558058153391,0.0166880841387,0.0210136942609,1.720425,3.591787759722671,4.479582,294.154509729352,42.90458980775909,0.047270313
44,J164406.53+080731.1,251.0272146,8.1253238,6.546,0.074,6.056,0.031,5.521,0.016,5.109,0.031,7.779,0.024,6.959,0.024,6.694,0.018,251.02722821006688,8.125299685843741,109491601304016,14.154302,13.810107,10.247393,10.696805,10.460797,0.008144379,0.031137466,0.057554796,0.44916484,0.12055032,6434817034768365715,251.02721894168647,8.125308658196518,0.004920662228885653,0.1420319990088731,0.034644745,-0.8286682562136829,0.19494476465065486,-4.721748894617523,0.20674228062482944,0.44199647742067455,11.932917,14.802453,10.355438,0.0169038103224,0.0643282708507,0.124733710621,1.8735986,22.981603702678026,4.447015,25.326896225169218,31.94778673092015,0.093924016
45,J235620.88-110123.9,359.0870186,-11.0233312,14.616,0.031,14.269,0.051,12.258,0.403,8.866,-9999.0,16.623,0.144,15.772,0.13,15.345,0.168,359.0869689058909,-11.023195365684394,442325796944039,20.450623,19.437098,18.7982,18.424355,18.145,0.031823926,0.024022447,0.026498308,0.024753504,0.019277077,-1687301747892011076,359.0869518211002,-11.023192193341576,-1.3318348528002448,1.1862139321633947,-1.1227611,18.170839827634847,1.381196565823316,-3.983236339569633,1.1950439136106243,1.1087397186816936,20.185266,20.18355,18.061861,0.00648070150734,0.0241247420182,0.0705942890272,3.7458427,346.04559177842884,2.1216888,81.47609643072975,-69.33143507388188,0.034470774
46,J115220.15-180522.1,178.08399,-18.089474,13.695,0.027,13.208,0.032,10.05,0.058,7.53,0.145,16.491,0.132,15.395,0.11,14.882,0.142,178.0839555791067,-18.089462398284976,460145616241266,21.4633,19.700354,18.57004,18.210907,17.82195,0.050814133,0.016612401,0.0047744517,0.010338912,0.005896346,1327453582353567571,178.08396279741768,-18.089465764809418,-0.30222341942335484,0.4623081895657304,-0.6537272,0.7081548534496882,0.8603643235806958,0.1598542993853087,0.44331488103954586,0.5360041407102608,19.339369,20.55109,18.152624,0.00317918732086,0.0119584522338,0.0721530426901,1.5110949,0.5270366934963173,2.398466,283.7140791752106,42.56596031849973,0.033532966
47,J150149.08-233849.8,225.4545097,-23.647194,14.251,0.029,13.889,0.041,12.081,-9999.0,9.02,-9999.0,16.384,0.122,15.471,0.133,14.933,0.155,225.45465083501227,-23.647058157507566,505805413566517,20.266169,19.050705,18.539501,18.18096,18.09137,0.06383895,0.03281702,0.021960301,0.049896497,0.054345574,3245705548636633547,225.45470814107688,-23.64705889457891,0.4685236182386964,0.8024420145180392,0.58387226,5.3612206698042515,2.0036293131002836,-10.612823373784675,1.9203079298761438,2.989166372551963,19.927698,20.071487,17.994926,0.0092502116547,0.0499715348374,0.150004793526,3.1687965,141.3747070334867,2.076561,337.7744803142138,30.26212890203944,0.13411161
48,J161828.03-081143.7,244.6168136,-8.1954899,3.882,0.283,3.129,0.333,2.717,0.011,2.356,0.018,7.788,0.029,6.275,0.042,5.085,0.021,244.61685963843257,-8.195571641238573,427825987396837,13.0767765,10.400975,9.502023,9.816712,10.02408,0.001,0.10238838,0.06033945,0.030663013,0.0819273,5119115032692755627,244.6168583487719,-8.195573906453994,0.3454780725302533,0.0768809616610153,4.493675,-8.179220594481352,0.14859944322565416,-16.526257902442143,0.08597575317001555,0.1765213412583949,10.604191,12.917221,9.499456,0.0404398950783,0.12028833992,0.150929261043,1.2655576,340.0168497912193,3.4177647,5.341433191670521,28.702918699122495,0.24913192
49,J213336.04+103256.4,323.4001877,10.5490017,14.308,0.028,13.981,0.039,11.186,0.172,8.655,-9999.0,15.796,-9999.0,15.262,-9999.0,14.915,0.138,323.39998295850677,10.548388839825007,119623429163763,20.706911,19.504768,18.640131,18.2235,18.034248,0.053640004,0.007784736,0.00810895,0.005370555,0.01466818,-4822317261937058599,323.3999822012822,10.548386637610509,0.9916034464369774,0.5146346340635087,1.9268105,-0.30429658085713573,1.205505858219437,-2.2762618731038997,1.0694206392996994,0.2820698026041847,19.359892,20.402052,18.128004,0.00635798675164,0.0397450058546,0.162175447537,1.6056478,5.273964524067817,2.2740479,64.23505137197269,-29.02736549022896,0.056738235
50,J083517.15+125634.7,128.8214587,12.9429891,13.961,0.026,13.549,0.038,10.361,0.108,8.221,0.305,15.236,-9999.0,14.615,-9999.0,14.766,0.104,128.82204024092474,12.942740035012406,98054103371815,20.400915,19.187859,18.164896,17.780935,17.568132,0.007676553,0.016074881,0.011235692,0.004222872,0.0042941426,5705603331041337671,128.8220427246371,12.942737808776164,0.4753901217019447,0.3895307666847708,1.2204174,-4.26426169014806,0.648742542623129,-4.893495345519769,0.40190346565467266,0.6698244753973418,18.973402,19.764894,17.726294,0.00278098263892,0.0212686698247,0.0546974774399,1.6972655,42.13022445868803,2.038601,212.61907507585968,28.806515493770874,0.046890613
51,J024843.36+332722.8,42.1806773,33.4563335,4.192,0.246,3.686,0.189,2.964,0.01,2.382,0.021,5.75,0.02,4.816,0.036,4.351,0.042,42.18068840804814,33.45628891983734,202855600437325,13.858956,11.963343,8.774819,8.717463,,3.2090747e-07,0.028489348,0.056996822,0.018166065,,-6365591782683572433,42.180685166931006,33.45627670471865,0.7204132424775705,0.20835760303506656,3.4575808,1.9328596166343783,0.3374322646006094,-1.9996869345614816,0.29869962170981784,0.6525972378150006,10.674114,14.463717,9.498974,0.0381897431962,0.0540829515818,0.24453243072,1.279767,7.734694133871891,4.9647436,149.35149193116627,-23.329099269993236,0.09706754
52,J202718.54-015920.3,306.827267,-1.9889901,5.184,0.21,4.614,0.12,3.722,0.015,3.073,0.018,7.076,0.02,6.189,0.034,5.64,0.021,306.82722309267575,-1.9889785140207217,396781963751307,16.203047,13.902884,12.088285,11.759541,7.5415893,0.011563301,0.0010668501,0.17537212,0.06758785,0.13286781,-4913954959042536828,306.82722043272736,-1.9889727935282295,0.3156492216526531,0.14388834232403794,2.1937094,-3.360641399371458,0.2507694647422398,-5.185671438835299,0.17096849531305994,0.47734786726819384,12.253137,15.641565,10.329583,0.0224974515485,0.0951710762156,0.183103509103,2.537551,38.18509888672151,5.311982,42.517987404584204,-22.156663732523874,0.11123018
53,J154340.38+341744.5,235.9182794,34.2957081,14.296,0.027,13.989,0.033,12.13,0.218,9.082,-9999.0,16.55,0.125,16.111,0.216,15.602,0.175,235.91825824915605,34.295682634111095,219331094958383,20.956484,18.488432,18.268143,17.972647,17.858616,0.05447012,0.008337116,0.005473389,0.006395676,0.01058009,7121545609198232250,235.9182581830518,34.29568304489092,0.03409226159461035,0.2113122154193079,0.16133597,-0.16109436367462013,0.30419297258095823,-0.07535268343295674,0.3981085965377655,0.9158951620755786,18.832962,20.003677,17.718801,0.00220871094446,0.00982790026203,0.0513098105161,1.4381539,0.031629420908278166,2.2848759,54.78717509976688,52.574857931831964,0.028698966
54,J101208.65-102807.7,153.0360773,-10.4688184,14.075,0.028,13.72,0.036,11.873,0.328,8.436,-9999.0,16.045,0.095,15.746,0.158,14.683,0.122,153.0355516016716,-10.469211479790463,418398534141489,,,18.802404,18.391092,18.253565,,,0.15158844,0.009600246,0.014564849,3057645079821842565,153.0355503006289,-10.469212245297019,0.7850456539230781,0.9252886878604998,0.8484332,-1.3845716207591345,1.1045881716504724,-6.973981440366337,1.2286546085132404,2.049064489310764,19.545511,20.414738,18.09545,0.00477912346753,0.0595371660629,0.0896025763827,1.9489888,50.553455703585705,2.3192883,251.71781022391252,36.106625438126315,0.04936717
55,J013539.29-212628.4,23.9137195,-21.441231,14.141,0.027,13.445,0.032,10.963,0.116,8.249,0.271,16.518,0.129,15.839,0.146,14.976,0.118,23.91372857041239,-21.44122085870548,443549862787371,21.927555,19.54574,18.177454,17.863823,17.760494,0.14190578,0.008700687,0.0039600953,0.006958697,0.017779661,-2256127491452159242,23.91372849351125,-21.44122064649798,-0.15342152565434966,0.33505171391652777,-0.457904,0.07568397034115568,0.6244895763793152,-0.21790141909962613,0.2389736660221176,1.0219815039611282,19.062037,20.598742,17.885708,0.00263049772827,0.0106509574882,0.0610274084936,1.4368331,0.05320909181223184,2.7130337,185.8588722613729,-78.43788803168556,0.018213088
56,J170134.16-021431.2,255.3923583,-2.2420263,6.075,0.104,5.735,0.048,5.001,0.014,4.347,0.026,7.648,0.021,6.633,0.038,6.104,0.018,255.39237551882474,-2.2420278398628835,389420389794868,17.374758,15.087514,12.284489,11.899274,10.951632,0.010869026,0.0019471984,0.07784033,0.001,0.025877953,6019659036306309611,255.39238893415606,-2.24201693733622,0.2666404373448996,0.13356335370861647,1.9963592,4.814694981946613,0.21362183238723037,-5.994224271405661,0.14758754105942673,0.4594492646701975,12.660485,16.210133,11.027986,0.00197505409754,0.00818495023641,0.0194845375009,1.9439998,59.11201238509062,5.182147,17.486068999532172,23.10047257811763,0.28940773
57,J155204.94+370255.9,238.020596,37.0488706,14.693,0.029,14.385,0.043,11.465,0.116,9.155,0.388,16.672,0.141,15.787,0.152,15.513,0.188,238.0202207191369,37.04892792919304,219481418790476,20.29061,19.548712,18.740314,18.345797,18.137407,0.06918594,0.026588703,0.011588001,0.013599335,0.015977027,7355750382007544645,238.0201771693062,37.04895354681601,0.8528947890112811,0.3313132167508607,2.5742855,2.9604043727336284,0.6099792331297627,-5.659309392089943,0.6614863211300097,0.6281784804402631,19.537645,20.057545,18.123678,0.00403506808469,0.0202982454883,0.0758926118307,2.0209844,40.79177684549783,1.9338665,59.22351035032222,50.85853011019569,0.019325377
58,J022645.45-043615.6,36.6893921,-4.6043476,14.196,0.027,13.754,0.033,10.944,0.095,8.46,0.245,16.583,0.105,15.684,0.098,14.864,0.108,36.689416920086785,-4.604345325651284,363951233778711,19.981737,19.173061,18.318438,17.96664,17.710203,0.005196691,0.013494289,0.003874322,0.003514706,0.021221548,-3895772007349852622,36.68941782912165,-4.604344629647462,0.08003843637156566,0.3733604008462504,0.21437313,-0.06386995866824326,0.6096558130699575,-0.7898817047674235,0.5503198952531877,1.071469691773998,18.926617,19.887863,17.890045,0.00414145668296,0.0317243497471,0.0647901834678,1.4092402,0.6279924791465743,1.997818,172.40174485664744,-58.00470917935143,0.026674043
59,J222810.66-134622.4,337.0444343,-13.7729038,9.029,0.023,8.671,0.02,8.111,0.022,8.15,0.256,11.87,0.022,10.748,0.025,9.896,0.023,337.0444290037938,-13.772903824588994,440582040196421,16.385263,14.857213,13.619051,13.617138,12.875131,0.08082128,0.050543588,0.012663425,0.007101536,0.06686255,-2661345904799250214,337.0444307152563,-13.77289810855867,-0.059273291306661806,0.06804775486695461,-0.87105435,0.4760261978861463,0.13928903178551397,-1.4153519334333238,0.12113416617921098,0.25600452494194287,13.749301,15.619299,12.633015,0.00460445943726,0.0246760990536,0.259582750534,1.3220484,2.229822036547388,2.9862843,47.456936293459506,-54.04776865404022,0.045938753
60,J080435.51+562135.7,121.1479972,56.3599207,5.252,0.203,4.64,0.125,4.003,0.015,3.309,0.019,7.17,0.035,6.323,0.018,5.765,0.018,121.14807987628755,56.359876939817056,303508158939969,17.73318,15.317311,10.217397,10.721254,11.398779,0.009704561,0.0022045188,0.15930642,0.034010887,0.8015051,8099548007965412290,121.14805844076379,56.35989649585058,-0.19788691838223998,0.17482869559025144,-1.1318904,-0.8126537280565049,0.2644477747956692,-1.5329854386038244,0.18318907708231222,0.4717610392639408,12.148206,15.853952,10.185538,0.0315990645075,0.106771215418,0.26007041005,2.6212487,3.010450436695496,5.668414,161.41453600212762,32.29897330883993,0.045496218
61,J201103.13-131859.0,302.763047,-13.3164091,4.435,0.251,3.856,0.229,3.325,0.013,2.709,0.02,5.85,0.024,4.989,0.034,4.467,0.016,302.7630581195265,-13.316443084265785,436149633973859,15.549872,13.838128,8.494797,9.79794,6.9110622,0.0026339893,0.002483368,1.0684417e-07,0.1090889,0.16380644,-4446460207098175463,302.763065115371,-13.316427772605598,0.5026546245477354,0.2237930915901851,2.2460685,0.4446800518515202,0.36628982170977525,0.45029592899109017,0.2369420601113425,0.7647641837192465,11.277696,15.157748,9.742931,0.0203954350395,0.0275445486589,0.239237841013,1.7717344,0.4005067721806196,5.414817,29.558913413543273,-23.569772754803733,0.108796604
62,J164129.61+215733.6,250.3733991,21.9593363,15.061,0.034,14.731,0.057,12.513,-9999.0,8.534,-9999.0,16.177,0.111,15.418,0.124,15.031,0.159,250.37326701990878,21.959321647420097,147235773917318,,,18.218946,19.61042,17.2889,,,0.035134155,0.20647049,1.8332647e-05,7192231012724771340,250.37325647188496,21.95931893317288,0.33971636799532945,0.37603820025517004,0.9034092,-0.7189017153007654,0.5465845135354963,-9.136048022247968,0.5487985070271717,2.385561709872837,18.869118,20.143753,17.594072,0.00333290268463,0.00817291912737,0.0451104194743,1.6052545,83.98419314108338,2.5496807,40.624438205890094,37.86802668210156,0.049432885
63,J152723.59+042827.8,231.84831,4.4744067,6.782,0.038,6.263,0.021,5.692,0.015,5.842,0.041,10.159,0.023,9.02,0.023,8.127,0.033,231.84831448941455,4.474410441350093,66413079331305,15.161004,13.579969,12.4594965,12.144026,11.70666,5.2935277e-08,0.017329216,0.01695633,0.11506227,0.031495094,5228591206446978638,231.84831303583158,4.47441113184715,0.05659088620292926,0.04646678271947805,1.2178783,-2.9374791430921565,0.08448470158530706,-1.5841922039719458,0.07803011556534062,0.16405665156859103,12.794713,14.508282,11.596778,0.0213046272831,0.0587119371453,0.0730923932395,1.4353712,11.138448655226922,2.9115038,8.5791490535767,46.48751878144602,0.0516284
64,J175808.98+411943.5,269.5374557,41.3287588,6.035,0.114,5.384,0.059,4.274,0.016,3.402,0.019,7.144,0.018,6.346,0.033,6.018,0.016,269.53746399999545,41.328795999998604,255516194384808,11.766251,10.536034,9.492476,9.71371,8.363259,0.019710064,0.12797292,0.026189843,0.013744735,0.02751255,9173832440953751020,269.53747783811747,41.32876107787659,0.22947059615107868,0.04363100185863004,5.2593474,-1.781293747877843,0.08083322989000355,-7.086667249630729,0.07827101983754634,0.2123231280798793,9.88195,11.440795,8.742,0.00929684818988,0.0220420827298,0.0310357735316,1.3917621,53.39386012321745,2.6987953,67.78277387544927,27.07265042829105,0.03255056
65,J081128.25+344451.7,122.8677121,34.7477141,14.159,0.028,13.821,0.038,11.263,0.177,8.94,-9999.0,16.001,0.097,15.374,0.112,14.911,0.131,122.86738377253411,34.74805253970807,212734025168748,20.314703,19.148531,18.32626,17.962515,17.645407,0.029203223,0.044018913,0.044896007,0.046518955,0.013704183,7199936390212160833,122.86738959481708,34.7480691106323,0.9007419666873481,0.40599278641093933,2.2186158,-8.535558659179358,0.7746355101885216,-7.005933745879578,0.5634447871401926,0.9990463058882948,19.336834,19.6618,17.696264,0.00384044442821,0.0298443813059,0.0969500316851,2.473939,121.93886927594598,1.9655361,186.78190511274323,30.670615154699238,0.045914546
66,J023441.23-275838.6,38.6718047,-27.9774037,13.775,0.025,13.035,0.026,9.182,0.029,6.618,0.053,16.313,0.114,15.62,0.133,15.192,0.158,38.67182173544323,-27.977525068299,483480173800743,20.659021,18.848316,18.275352,18.03871,17.944805,0.03347092,0.021118952,0.019134713,0.01833937,0.029755479,-2651353543126017546,38.67182161337731,-27.977567038474078,0.37637710399762947,0.5211116356726754,0.7222581,3.7460938717268224,0.8424874117132759,-2.323334299249119,1.046528282177659,2.699192719589419,19.251951,19.983027,18.043001,0.00839979648807,0.0268622989619,0.0366852874257,1.6711046,19.43110156185665,1.9400253,221.07177510149137,-67.14188131033853,0.0146654155
67,J112700.76+525510.3,171.7531695,52.919554,14.351,0.028,13.895,0.036,10.358,0.071,8.657,-9999.0,16.527,0.129,15.498,0.119,14.978,0.107,171.7535403511472,52.91937132300568,305814556455337,20.27178,19.20618,18.534851,18.265032,17.982607,0.04986563,0.041176856,0.030168684,0.022658773,0.014457848,5954075366732624051,171.75361587087264,52.91926252084695,0.6080449779038838,0.4386155801637572,1.3862822,-9.967080007757671,0.5419528684866528,-10.989155028032206,0.6265131195007564,1.495446258768001,19.578465,19.789448,17.871017,0.00353666913479,0.0158265729937,0.0651521505385,2.6567476,220.10421211116818,1.9184303,148.5133163112209,59.81313429634515,0.013004919
68,J214249.06-255940.2,325.7044185,-25.9945063,12.884,0.042,12.394,0.038,10.874,0.139,8.305,-9999.0,15.431,0.173,15.014,0.208,14.743,0.128,325.7052664289213,-25.9944671079657,518913653773648,,18.54604,17.452534,17.16194,16.636375,,0.00012493134,0.0849247,0.025740623,0.048294853,-2554490966765388724,325.7052924226634,-25.994444314406845,0.9266750666591372,0.3682497273083317,2.516431,2.408038130271171,0.41268920579412316,-10.814383981689284,0.40421574693161794,0.05479294753697568,18.560236,19.441944,17.316624,0.00351757685864,0.0203066390528,0.0931430568581,1.6647483,122.74954854025765,2.1253204,23.341313046705192,-48.059652251160244,0.03743719
69,J005010.60+353915.4,12.5442047,35.6542944,14.309,0.027,13.647,0.03,12.651,0.458,8.93,-9999.0,-9999.0,-9999.0,-9999.0,-9999.0,-9999.0,-9999.0,12.544808227909641,35.65417328809254,199161928501237,20.520933,19.397078,18.576723,18.190695,17.94472,0.022580648,0.0119827185,0.010139532,0.006943983,0.010713417,-4962069587873958833,12.54480753188919,35.65417167809779,0.7529289054381817,0.4660599828782511,1.6155193,-7.729917794533864,0.8835449036603508,-8.251185790884552,0.4975591219869488,0.7999707424449396,19.247673,20.237324,18.173237,0.00374384516491,0.017010539933,0.0784198168105,1.4407098,127.8336960659464,2.064087,122.64445362447505,-27.216789401413966,0.0479516
70,J122740.03-002750.6,186.916832,-0.4640667,9.232,0.023,8.502,0.019,7.629,0.019,7.595,0.167,12.757,0.024,11.513,0.022,10.545,0.023,186.91682517805305,-0.4640830255378759,381255656937227,19.257923,15.088813,14.444296,14.468145,13.882413,0.1460717,0.23080446,0.042966362,0.04593611,0.30732358,2636470553732477336,186.9168263761245,-0.4640827455600915,-0.026246746273075074,0.058767085881519326,-0.44662324,-0.7769302683024178,0.12908887355393345,-0.931124250447013,0.08154474026747584,0.2794634934769118,15.161907,16.639746,13.901424,0.029521717063,0.0762222939556,0.116819061155,1.548201,1.4706130115749787,2.7383213,290.26745230216494,61.82168142262645,0.024059823
71,J162315.81-135800.2,245.815877,-13.9667228,6.712,0.063,6.186,0.023,5.216,0.015,4.816,0.03,7.86,0.019,6.996,0.027,6.603,0.017,245.81585954389934,-13.966705111974102,427890411870558,17.51503,,13.190357,14.5970545,13.907043,0.0051879883,,0.001,0.001836764,0.0017093542,4830497628447994894,245.8158572926487,-13.966705358073131,-0.09006188934852206,0.1313845247042941,-0.6854832,-8.884084095277993,0.2996017594218068,-1.9279816452818768,0.19217233064148395,0.47038344581354874,12.9439125,15.661988,10.909347,0.0381803054293,0.150283049339,0.544666461533,2.8348806,82.64406343651521,4.7526417,1.0721506428592271,24.220090724358112,0.44289735
72,J111719.00-172915.4,169.3291994,-17.4876126,10.85,0.023,10.453,0.021,9.844,0.051,8.89,-9999.0,12.657,0.027,11.747,0.027,11.222,0.024,169.3291706498474,-17.487626939739425,459467011477214,19.224064,16.402493,15.194538,14.817191,14.738656,0.0235478,0.15525459,0.05909976,0.15311535,0.08446296,1814246962388549776,169.32917009929753,-17.48762575220122,-0.0170105350185851,0.0806774377277268,-0.21084625,-0.9616228950368906,0.12895210491839226,-0.9910433980447586,0.07472606910383114,0.15819762984756067,15.60709,17.03838,14.500938,0.00755001834581,0.0128161789705,0.0482264257754,1.3761982,1.9068856090672326,2.5374413,273.1803877928987,39.884882869147475,0.044621628
73,J200303.83-194904.0,300.7659699,-19.8177872,8.633,0.023,8.107,0.021,7.273,0.018,7.159,0.11,10.531,0.023,9.633,0.022,9.11,0.021,300.7659681343232,-19.817790713005014,475633268308506,17.570213,15.1666355,12.919434,12.661,13.486476,0.08608505,0.022848206,0.00021350321,0.6,0.004436512,-4176701626293073528,300.76596918020044,-19.817790566354667,-0.026253341686060465,0.049382548594372556,-0.53163195,-1.4898990707970872,0.07690206161010692,-4.626572156542116,0.043634584951160064,0.2207335801491422,14.437336,16.139826,13.261343,0.0365929938643,0.0994077571638,0.103635071964,1.411232,23.624969160852785,2.8784828,22.189605062816284,-24.3321403822486,0.16561761
74,J172825.74+700829.9,262.1072673,70.1416657,8.025,0.024,7.556,0.02,6.907,0.015,6.687,0.044,11.537,0.02,10.117,0.018,9.022,0.016,262.1072912105518,70.14165333469226,346775659485046,16.973566,13.855292,12.81339,13.205154,12.218619,0.013694763,0.11581544,1.0000001e-08,0.05354166,0.0014260222,9050493624596362034,262.10728682851186,70.14164771435534,0.029006685976561454,0.028442838384256198,1.0198239,-0.39758085631609236,0.044677395726461774,-1.6148129383309757,0.06541957313776008,0.2507974842752142,13.531983,15.285755,12.332273,0.0264568465748,0.0757118601666,0.127530478046,1.4319739,2.765691363110157,2.9534826,100.82908205768231,32.411221140204525,0.03549552
75,J160142.65-124944.7,240.4277139,-12.8290916,10.873,0.023,10.426,0.022,9.569,0.042,8.123,-9999.0,14.416,0.029,13.105,0.029,12.382,0.029,240.42769917629832,-12.829097032539938,427104432820768,20.234783,17.065254,15.932637,15.558918,15.520055,0.058018144,0.04652181,0.00414305,0.03589507,0.08527115,4632673496378508707,240.427700103156,-12.82909648689881,0.002646192822898437,0.10672786723632374,0.024793832,-1.099461436600107,0.2364221334390899,-0.5939252385026244,0.12025236529671177,0.219849247416479,16.741154,18.361588,15.539136,0.00907328522472,0.0273768313702,0.0387840058278,1.453758,1.5615626395011704,2.8224516,358.27069775481664,28.963129980570496,0.20959456
76,J022816.58+375028.4,37.0690987,37.8412283,14.943,0.031,14.623,0.052,12.093,0.392,8.253,-9999.0,16.221,0.095,15.608,0.113,15.214,0.164,37.068908376837456,37.84137476920683,237649130441465,20.330652,19.744041,19.47424,19.395144,19.148342,0.031287167,0.013417452,0.01006434,0.01382398,0.023302078,-6330037974687691458,37.068910707912195,37.84137493050173,0.3221128120941922,0.6685051632352949,0.48184043,0.8309467079148594,1.2249719783057234,2.3328017351781654,1.4599701709308406,1.7958154506504407,19.848986,19.733522,17.75607,0.00701057088245,0.710787658937,0.399891686983,3.7435565,6.132436367044802,1.9774532,143.254106318106,-21.179137209490744,0.049214773
77,J210241.14+113509.4,315.6714286,11.5859642,14.519,0.195,14.133,0.17,11.11,-9999.0,9.023,-9999.0,-9999.0,-9999.0,-9999.0,-9999.0,-9999.0,-9999.0,315.6715558462795,11.585513573247988,118489557787365,19.863602,,18.64642,18.360039,17.721125,0.04016386,,0.04498428,0.01116135,0.015069189,-5273011476208966782,315.67156145145503,11.585518453787792,0.9609523311499537,0.5142321711421325,1.868713,7.1984602798072,0.9015014778208069,-4.240959018717229,0.8628135585849139,0.0,19.557446,20.014385,17.93493,0.00500219330101,0.0511490656665,0.0953823567145,2.3798933,69.80356379840096,2.0794544,60.00303132953458,-22.387548190778787,0.09524702
78,J091220.02+032948.3,138.0834438,3.4967644,14.397,0.03,13.916,0.039,11.441,0.208,8.128,-9999.0,16.396,0.126,15.797,0.144,15.266,0.206,138.08357267948023,3.496703517014393,58364310661635,20.859165,19.657007,18.654945,18.263523,17.971601,0.042458408,0.029820047,0.0068780584,0.005103082,0.03748459,4660856178421537310,138.08362097802748,3.4966796947786016,0.10582661195795418,0.5174867041111848,0.20450112,-2.230977994803297,0.8974457302777114,-5.677838456072238,0.704285179125113,0.5747602966829969,19.66597,20.349457,18.096811,0.00568508210912,0.0245490223579,0.124817124748,2.1982045,37.21511234654932,2.2526455,227.25790446511843,32.695806363171016,0.050982393
79,J045423.42+075023.5,73.5975918,7.839882,5.053,0.177,4.638,0.107,4.147,0.014,3.386,0.022,6.786,0.018,5.994,0.029,5.584,0.021,73.59762657855,7.839857494427426,90168543466350,13.051063,14.908967,12.136995,12.882543,9.511918,0.085558414,0.0064206123,0.0010959498,0.001,0.33304712,-6542762688336777856,73.5976536823851,7.839860679909247,0.11181414275085715,0.18945035539255986,0.59020287,1.804306654481431,0.3326091856040226,1.1044082160788997,0.12538595771829172,0.1376743831860909,9.358326,11.650096,8.130667,0.0116039404501,0.0277458431149,0.192362408433,1.408549,4.475240011148552,3.5194292,191.33059748855277,-21.63933132029836,0.11089522
80,J150106.92-053138.8,225.2788583,-5.5274564,10.485,0.022,10.039,0.02,9.308,0.032,8.728,0.366,13.588,0.026,12.391,0.021,11.498,0.021,225.27884614008335,-5.52745748964534,384902084176972,19.24311,17.22655,15.560302,15.742226,15.204578,0.12121673,0.09945197,0.03330083,0.13190673,0.035886902,4291578601163291101,225.27884608150413,-5.527456364642311,-0.15947424386235698,0.11203329763336875,-1.4234539,-0.6361453235828296,0.16769110066911314,-0.18121414353742296,0.16293835573223675,0.0,16.670183,18.430283,15.358345,0.0417340062799,0.145006514831,0.183381856199,1.5710555,0.4375194385343047,3.0719376,351.62842235014887,44.73793414741526,0.08564274
81,J094541.94-141934.6,146.4247674,-14.3263053,9.022,0.023,8.607,0.019,5.013,0.015,2.357,0.02,12.095,0.093,11.209,0.113,10.412,0.054,146.42483169670697,-14.326327042808659,417427871541640,16.155102,15.190439,14.737251,14.5272455,14.080026,0.014390622,0.027312724,0.053041678,0.058635097,0.013223352,3166294420832180959,146.42477139353926,-14.326282064841802,-3.9776090735982823,0.6191958758089082,-6.42383,-2.934932257374828,1.0438894733376622,4.282192054212604,1.047309052047512,4.219503724608048,16.002611,15.890738,13.920021,0.0135655104912,0.0154420210384,0.0368342773515,3.7131495,26.95099614454087,1.9707165,249.70579500283077,28.780615924401832,0.06033294
82,J024854.26+180249.3,42.2261179,18.0470355,14.274,0.027,13.762,0.036,10.857,0.13,8.549,0.397,16.951,0.195,15.888,0.18,15.475,0.218,42.22613773197225,18.047020294057912,126735895004483,20.710495,18.71184,18.58005,18.24667,18.32824,0.050220806,0.014455307,0.007510408,0.00999157,0.015347703,-5536120210689356722,42.22613559762051,18.04702297191246,-0.01649584158667807,0.33006870173039504,-0.049976993,0.9630093654268999,1.004357851356778,0.6593730780504341,0.5554480147872588,0.2679193615041125,19.0642,20.226482,18.064713,0.00460310140337,0.020234319835,0.0582813950176,1.3209478,1.3621598939576243,2.1617699,158.43740303862558,-36.598365125732094,0.14444903
83,J185435.83+835325.9,283.6493265,83.8905436,13.493,0.037,13.057,0.039,11.542,0.167,8.898,-9999.0,16.472,0.143,15.53,0.168,15.598,0.249,283.65624818662945,83.89059690022917,361026361046763,20.103252,18.833456,18.023802,17.64359,17.284935,0.041489054,0.033068586,0.006421489,0.011430414,0.018694356,-9124803018447847596,283.6562614281789,83.89059806132231,0.6582488595401825,0.22123808026296055,2.9752965,5.1455364401838874,0.32600137738622537,3.437634852603153,0.4835662017237357,0.8244252341605608,18.75725,19.798733,17.69159,0.00291702058622,0.0162269550286,0.0508045380178,1.4177467,38.29387863709218,2.1071434,116.08004008669272,26.877099284312223,0.08101026
84,J153654.75-134917.7,234.228161,-13.8216044,15.776,0.054,15.389,0.109,12.463,-9999.0,8.893,-9999.0,16.481,0.118,15.844,0.163,16.747,-9999.0,234.2281267233027,-13.8216041698005,426241144404513,,,18.62501,20.984585,,,,0.017692551,0.14294074,,4254617418283971847,234.2281244970402,-13.821605348922494,0.34975693898614685,0.49555525497247677,0.70578796,-12.241040446184108,0.8958094032150802,-9.559908408697869,0.6966599360125253,1.2983978053043066,19.347723,20.37108,18.177109,0.00318596608783,0.0188843740443,0.0994762791571,1.537851,241.23491998780742,2.1939716,352.59784630760964,32.65894024838869,0.15441316
85,J035955.96+091904.4,59.9831891,9.3178952,9.068,0.023,8.367,0.02,7.429,0.018,7.477,0.157,12.757,0.024,11.229,0.024,10.114,0.02,59.98317811719385,9.317863579045527,88141318944131,19.394236,17.120987,15.739319,15.519458,14.572034,0.16889158,0.11299291,0.11168272,0.040302873,0.14030387,-5931047195200429466,59.983183445331704,9.317867012127866,0.3067438626407793,0.1955663900739405,1.5684897,1.956562572784275,0.3081500678556199,-1.2157099564542464,0.22136551811810237,0.2825910497292451,17.599434,19.409836,16.250565,0.0246196905962,0.0711846561113,0.0877208128454,1.6139733,5.306087799442207,3.1592712,181.0239023965939,-31.583731758109657,0.2742432
86,J154812.78+554606.0,237.0532764,55.7683517,13.979,0.025,13.624,0.028,11.494,0.103,8.661,0.207,16.736,0.182,15.836,0.17,14.472,-9999.0,237.05215394964023,55.768303985893084,308851098266921,20.358944,19.156824,18.372108,18.011393,17.839281,0.017822523,0.013177449,0.005257963,0.0064828596,0.013222229,8005341851697591060,237.05215400994965,55.768304745473955,0.7994497696516811,0.3325196530647353,2.4042182,3.586241361534242,0.6246656436153364,0.3070783152962979,0.7434299478367011,2.1357331667091977,19.107998,19.992355,17.962717,0.00461699132759,0.0167907683443,0.0568350465188,1.5479897,12.955424194904186,2.0296383,87.5375480849611,47.38871260027064,0.015315551
87,J101720.65-225845.1,154.3360689,-22.9791955,14.345,0.063,13.968,0.064,11.02,0.175,7.566,-9999.0,16.368,0.126,15.798,0.167,15.278,0.192,154.33595124050524,-22.97885508272063,496476744637357,20.02866,19.658703,18.575275,18.204811,17.904749,0.056703568,0.110218875,0.024972562,0.021498851,0.0204568,2283659262611806078,154.3359269968246,-22.97883255323072,0.02200500263820258,0.5288629716598222,0.041608136,3.253829728619989,1.0118159266291855,-12.407766190826361,0.8982042342405399,0.9724493823577295,19.71563,20.14868,18.0224,0.00741064280118,0.0414939200417,0.102171082862,2.5183733,164.54006974906494,2.1262798,262.62069329813806,27.582164138467807,0.05316965
88,J184431.77+501703.5,281.1323947,50.2843117,15.198,0.03,14.886,0.044,13.222,-9999.0,9.653,-9999.0,16.178,0.095,15.472,0.091,15.933,0.419,281.1324611937929,50.28423193411955,285666864874046,,,18.14685,20.504168,17.442802,,,0.010523438,0.17909485,0.027158923,-8749280215143761494,281.1324617391454,50.28423196336011,0.9398875298569149,0.18534903828983895,5.0709057,1.6698310683912772,0.45004113575637206,-0.8054784209418298,0.4133061012173935,0.4598681067470244,18.759823,19.779722,17.66779,0.00249569851403,0.0180234818526,0.0433355072823,1.4513384,3.4371312835676977,2.1119328,79.5499198387453,21.585769331462913,0.05619687
89,J221709.91-260703.3,334.291328,-26.1175929,8.473,0.023,8.011,0.019,7.349,0.018,6.492,0.081,11.041,0.024,9.79,0.024,8.877,0.021,334.29132939779834,-26.117620669260692,519570783753719,16.300484,16.935888,14.014578,15.1174755,12.546558,0.023911828,0.035987582,0.009817719,1.0465999e-07,0.0079987785,-2103708791563345090,334.2913295204453,-26.117618990312387,0.08577203059302325,0.047505056901677535,1.8055347,-2.5638969039066204,0.1060434580170984,-2.9857807731709634,0.08008561505063468,0.22413716339966486,14.538794,16.257902,13.312223,0.0521089713895,0.155854318892,0.255415890353,1.468918,15.48845415929935,2.9456787,25.63607831940584,-55.64240612056822,0.022608964
90,J113010.57+041128.1,172.5440537,4.1911443,13.669,0.026,13.337,0.031,10.185,0.061,7.993,0.203,15.751,0.066,15.182,0.101,14.859,0.132,172.5440627916552,4.191156126291895,61267708483801,21.31016,19.072393,17.773026,17.505375,16.87226,0.025693528,0.0063138455,0.0063575096,0.010828713,0.0075192554,2947729101416311999,172.54406318716283,4.1911564520237725,-0.007737834725987322,0.5010789656940826,-0.015442346,0.5366203637881873,0.7934286519653666,-1.0248251575294505,0.6403871852366506,1.0759338159389407,18.592989,20.045862,17.297375,0.00348653215285,0.0166705190798,0.0657862692125,1.5973082,1.3382280183374295,2.7484875,259.1602463412714,59.96495595452217,0.030314844
91,J162727.52-105530.4,246.8647074,-10.9251328,15.159,0.039,14.842,0.07,11.85,-9999.0,8.892,-9999.0,16.481,0.115,15.673,0.099,15.479,0.193,246.86472270322793,-10.92508819794682,428002081029079,,,18.742737,19.33078,,,,0.018005867,0.00014455336,,5064807954373727410,246.864723378178,-10.92508940523414,0.910227918748621,0.4902542886114006,1.8566445,1.651711836162984,1.2335971744014453,-10.196696468715066,0.6713323090213742,0.9125062054416725,19.475653,20.918776,18.19407,0.00447422387108,0.0314938354378,0.150009849344,1.580999,106.70077086482719,2.7247047,4.405366895984918,25.28715702272559,0.2761683
92,J210706.80-220825.1,316.7783405,-22.140313,15.94,0.058,15.568,0.136,12.272,-9999.0,8.406,-9999.0,-9999.0,-9999.0,-9999.0,-9999.0,-9999.0,-9999.0,316.77829606558004,-22.140265887226573,477815111719905,,,18.78525,19.729294,,,,0.041258812,0.38359356,,-3221270002220874305,316.77829285647834,-22.140270055680386,0.5835717377064371,0.8625485253076585,0.67656684,-2.6448769722368715,1.6842675329675596,-6.2670064204724305,1.488243460403206,3.6135454057597367,19.621828,20.149885,18.131182,0.00582555216127,0.0238404321842,0.0659930796949,2.1322396,46.27074367251154,2.0187035,25.539352149821962,-39.187368658648495,0.04756558
93,J210102.78-212715.9,315.2616058,-21.4544266,13.919,0.028,13.598,0.035,11.581,-9999.0,8.641,-9999.0,16.207,0.111,14.585,-9999.0,13.986,-9999.0,315.2623324902901,-21.454746105492433,477647607988875,20.128975,18.900055,18.040548,17.658459,17.446012,0.015628627,0.009508802,0.0051131165,0.014624744,0.0073871384,-3347405976159270984,315.2623324177,-21.45475134033163,0.44306366796208624,0.29630024172062247,1.49532,-2.2469576909875104,0.5906405519739804,-3.227824941764517,0.5347891230311159,0.7069267946667297,18.717285,19.544514,17.551111,0.00294491525603,0.010831523878,0.0950175012917,1.5892993,15.467672719765034,1.9934025,25.81513625281364,-37.636737760395825,0.064288124
94,J204455.42-151413.6,311.2309262,-15.2371257,15.253,0.042,14.852,0.08,12.407,-9999.0,8.763,-9999.0,16.115,0.096,15.388,0.108,15.104,0.147,311.2309261202055,-15.237090412737773,477183751525052,20.100552,18.701,17.971273,20.02997,17.293255,0.04014956,0.6,0.0073615178,0.09175847,0.027026575,-3905711592464872433,311.2309301925402,-15.237087185571182,0.9971544335103151,0.26208377112336584,3.8047163,3.5821944607085077,0.41882551095932397,10.552906347934888,0.26918989264762005,0.551220460328222,18.658443,19.77388,17.543625,0.00177434729409,0.00923352015124,0.0543822612217,1.4519014,124.19594954261518,2.2302551,31.25600238621087,-31.862426799788537,0.0494947
95,J074307.66+371930.2,115.7819467,37.325069,15.481,0.041,15.143,0.086,12.251,0.357,8.644,-9999.0,16.774,0.163,16.132,0.215,15.643,0.219,115.7818623729105,37.324987862889316,211853556899946,,,18.492073,21.290983,,,,0.007835678,0.2647857,,7704568246896256314,115.78186560815416,37.32498111256265,0.7981070662196526,0.3760361311296766,2.1224213,19.77406515305705,0.682967663891273,-48.25518586102251,0.42624363182324926,1.0710067194926693,19.165869,20.105543,18.08564,0.00298781163771,0.0212374772604,0.0822389713514,1.4607197,2719.5766151591724,2.0199032,182.32288171797597,25.76931952992875,0.066138975
